-- Generated by Craft v2.6.2796 on Jul 21, 2016, 6:47:10 PM.

--
-- Disable foreign key checks and autocommit.
--

SET FOREIGN_KEY_CHECKS = 0;
SET SQL_MODE = "NO_AUTO_VALUE_ON_ZERO";
SET AUTOCOMMIT = 0;
SET NAMES utf8;


DROP TABLE IF EXISTS `craft_assetfiles`;


--
-- Schema for table `craft_assetfiles`
--
CREATE TABLE `craft_assetfiles` (
  `id` int(11) NOT NULL,
  `sourceId` int(11) DEFAULT NULL,
  `folderId` int(11) NOT NULL,
  `filename` varchar(255) COLLATE utf8_unicode_ci NOT NULL,
  `kind` varchar(50) COLLATE utf8_unicode_ci NOT NULL DEFAULT 'unknown',
  `width` int(11) unsigned DEFAULT NULL,
  `height` int(11) unsigned DEFAULT NULL,
  `size` bigint(20) unsigned DEFAULT NULL,
  `dateModified` datetime DEFAULT NULL,
  `dateCreated` datetime NOT NULL,
  `dateUpdated` datetime NOT NULL,
  `uid` char(36) COLLATE utf8_unicode_ci NOT NULL DEFAULT '0',
  PRIMARY KEY (`id`),
  UNIQUE KEY `craft_assetfiles_filename_folderId_unq_idx` (`filename`,`folderId`),
  KEY `craft_assetfiles_sourceId_fk` (`sourceId`),
  KEY `craft_assetfiles_folderId_fk` (`folderId`)
) ENGINE=InnoDB DEFAULT CHARSET=utf8 COLLATE=utf8_unicode_ci;

DROP TABLE IF EXISTS `craft_assetfolders`;


--
-- Schema for table `craft_assetfolders`
--
CREATE TABLE `craft_assetfolders` (
  `id` int(11) NOT NULL AUTO_INCREMENT,
  `parentId` int(11) DEFAULT NULL,
  `sourceId` int(11) DEFAULT NULL,
  `name` varchar(255) COLLATE utf8_unicode_ci NOT NULL,
  `path` varchar(255) COLLATE utf8_unicode_ci DEFAULT NULL,
  `dateCreated` datetime NOT NULL,
  `dateUpdated` datetime NOT NULL,
  `uid` char(36) COLLATE utf8_unicode_ci NOT NULL DEFAULT '0',
  PRIMARY KEY (`id`),
  UNIQUE KEY `craft_assetfolders_name_parentId_sourceId_unq_idx` (`name`,`parentId`,`sourceId`),
  KEY `craft_assetfolders_parentId_fk` (`parentId`),
  KEY `craft_assetfolders_sourceId_fk` (`sourceId`)
) ENGINE=InnoDB DEFAULT CHARSET=utf8 COLLATE=utf8_unicode_ci;

DROP TABLE IF EXISTS `craft_assetindexdata`;


--
-- Schema for table `craft_assetindexdata`
--
CREATE TABLE `craft_assetindexdata` (
  `id` int(11) NOT NULL AUTO_INCREMENT,
  `sessionId` varchar(36) COLLATE utf8_unicode_ci NOT NULL DEFAULT '',
  `sourceId` int(10) NOT NULL,
  `offset` int(10) NOT NULL,
  `uri` varchar(255) COLLATE utf8_unicode_ci DEFAULT NULL,
  `size` varchar(255) COLLATE utf8_unicode_ci DEFAULT NULL,
  `recordId` int(10) DEFAULT NULL,
  `dateCreated` datetime NOT NULL,
  `dateUpdated` datetime NOT NULL,
  `uid` char(36) COLLATE utf8_unicode_ci NOT NULL DEFAULT '0',
  PRIMARY KEY (`id`),
  UNIQUE KEY `craft_assetindexdata_sessionId_sourceId_offset_unq_idx` (`sessionId`,`sourceId`,`offset`),
  KEY `craft_assetindexdata_sourceId_fk` (`sourceId`)
) ENGINE=InnoDB DEFAULT CHARSET=utf8 COLLATE=utf8_unicode_ci;

DROP TABLE IF EXISTS `craft_assetsources`;


--
-- Schema for table `craft_assetsources`
--
CREATE TABLE `craft_assetsources` (
  `id` int(11) NOT NULL AUTO_INCREMENT,
  `name` varchar(255) COLLATE utf8_unicode_ci NOT NULL,
  `handle` varchar(255) COLLATE utf8_unicode_ci NOT NULL,
  `type` varchar(150) COLLATE utf8_unicode_ci NOT NULL,
  `settings` text COLLATE utf8_unicode_ci,
  `sortOrder` smallint(6) unsigned DEFAULT NULL,
  `fieldLayoutId` int(10) DEFAULT NULL,
  `dateCreated` datetime NOT NULL,
  `dateUpdated` datetime NOT NULL,
  `uid` char(36) COLLATE utf8_unicode_ci NOT NULL DEFAULT '0',
  PRIMARY KEY (`id`),
  UNIQUE KEY `craft_assetsources_name_unq_idx` (`name`),
  UNIQUE KEY `craft_assetsources_handle_unq_idx` (`handle`),
  KEY `craft_assetsources_fieldLayoutId_fk` (`fieldLayoutId`)
) ENGINE=InnoDB DEFAULT CHARSET=utf8 COLLATE=utf8_unicode_ci;

DROP TABLE IF EXISTS `craft_assettransformindex`;


--
-- Schema for table `craft_assettransformindex`
--
CREATE TABLE `craft_assettransformindex` (
  `id` int(11) NOT NULL AUTO_INCREMENT,
  `fileId` int(11) NOT NULL,
  `filename` varchar(255) COLLATE utf8_unicode_ci DEFAULT NULL,
  `format` varchar(255) COLLATE utf8_unicode_ci DEFAULT NULL,
  `location` varchar(255) COLLATE utf8_unicode_ci NOT NULL,
  `sourceId` int(11) DEFAULT NULL,
  `fileExists` tinyint(1) DEFAULT NULL,
  `inProgress` tinyint(1) DEFAULT NULL,
  `dateIndexed` datetime DEFAULT NULL,
  `dateCreated` datetime NOT NULL,
  `dateUpdated` datetime NOT NULL,
  `uid` char(36) COLLATE utf8_unicode_ci NOT NULL DEFAULT '0',
  PRIMARY KEY (`id`),
  KEY `craft_assettransformindex_sourceId_fileId_location_idx` (`sourceId`,`fileId`,`location`)
) ENGINE=InnoDB DEFAULT CHARSET=utf8 COLLATE=utf8_unicode_ci;

DROP TABLE IF EXISTS `craft_assettransforms`;


--
-- Schema for table `craft_assettransforms`
--
CREATE TABLE `craft_assettransforms` (
  `id` int(11) NOT NULL AUTO_INCREMENT,
  `name` varchar(255) COLLATE utf8_unicode_ci NOT NULL,
  `handle` varchar(255) COLLATE utf8_unicode_ci NOT NULL,
  `mode` enum('stretch','fit','crop') COLLATE utf8_unicode_ci NOT NULL DEFAULT 'crop',
  `position` enum('top-left','top-center','top-right','center-left','center-center','center-right','bottom-left','bottom-center','bottom-right') COLLATE utf8_unicode_ci NOT NULL DEFAULT 'center-center',
  `height` int(10) DEFAULT NULL,
  `width` int(10) DEFAULT NULL,
  `format` varchar(255) COLLATE utf8_unicode_ci DEFAULT NULL,
  `quality` int(10) DEFAULT NULL,
  `dimensionChangeTime` datetime DEFAULT NULL,
  `dateCreated` datetime NOT NULL,
  `dateUpdated` datetime NOT NULL,
  `uid` char(36) COLLATE utf8_unicode_ci NOT NULL DEFAULT '0',
  PRIMARY KEY (`id`),
  UNIQUE KEY `craft_assettransforms_name_unq_idx` (`name`),
  UNIQUE KEY `craft_assettransforms_handle_unq_idx` (`handle`)
) ENGINE=InnoDB DEFAULT CHARSET=utf8 COLLATE=utf8_unicode_ci;

DROP TABLE IF EXISTS `craft_categories`;


--
-- Schema for table `craft_categories`
--
CREATE TABLE `craft_categories` (
  `id` int(11) NOT NULL,
  `groupId` int(11) NOT NULL,
  `dateCreated` datetime NOT NULL,
  `dateUpdated` datetime NOT NULL,
  `uid` char(36) COLLATE utf8_unicode_ci NOT NULL DEFAULT '0',
  PRIMARY KEY (`id`),
  KEY `craft_categories_groupId_fk` (`groupId`)
) ENGINE=InnoDB DEFAULT CHARSET=utf8 COLLATE=utf8_unicode_ci;

--
-- Data for table `craft_categories`
--

INSERT INTO `craft_categories` (`id`, `groupId`, `dateCreated`, `dateUpdated`, `uid`) VALUES
 ('4', '1', '2016-07-12 18:02:20', '2016-07-12 18:02:20', '1c431546-4246-4500-a45e-6f701927f81a'),
 ('5', '1', '2016-07-12 18:05:57', '2016-07-12 18:05:57', 'f2160e95-8434-4e83-9d6d-aa784c59de3a'),
 ('7', '1', '2016-07-12 19:03:36', '2016-07-12 19:03:36', '5bb14b1d-f5eb-4e9f-9aa9-340e2593640f'),
 ('8', '1', '2016-07-12 19:04:22', '2016-07-12 19:04:22', 'dc72c5ce-71dd-4c60-b246-769e1355fd65'),
 ('9', '1', '2016-07-12 19:09:34', '2016-07-12 19:09:34', '407eff20-4323-4307-b919-fc049ec570ad'),
 ('10', '1', '2016-07-12 19:09:42', '2016-07-12 19:09:42', '84aa6392-8e83-4801-9fcd-a00a44a1dbff'),
 ('11', '1', '2016-07-12 19:09:49', '2016-07-12 19:09:49', '21bb7322-84d0-435e-b09b-dc06c9e94761'),
 ('13', '1', '2016-07-12 21:23:45', '2016-07-12 21:23:45', '1e7de8ea-d340-4d94-bcb4-6d0e8a62f634'),
 ('14', '1', '2016-07-12 21:23:53', '2016-07-12 21:23:53', '2bd25b1a-6f1f-41c3-ba8e-b1a673c93fb8'),
 ('15', '1', '2016-07-12 21:23:59', '2016-07-12 21:23:59', '2c4002cf-b164-42db-8f0d-d6bfac3553de'),
 ('16', '1', '2016-07-12 21:24:12', '2016-07-12 21:24:16', '04962765-3b5e-4b6e-8e47-ab5019218176'),
 ('17', '1', '2016-07-12 21:24:28', '2016-07-12 21:24:28', 'f21a7160-4744-4072-bf71-9b50cb71e792'),
 ('18', '1', '2016-07-12 21:24:34', '2016-07-12 21:24:34', 'f43fa3d4-0bd1-4610-851b-5e59c86ac959'),
 ('19', '1', '2016-07-12 21:25:18', '2016-07-12 21:25:18', '8a0a22e1-4fd9-45da-9ec5-eb3a91ff76df'),
 ('20', '1', '2016-07-12 21:25:32', '2016-07-12 21:25:32', '5c2cb932-057d-434f-9d51-f374c8840550'),
 ('21', '1', '2016-07-12 21:25:41', '2016-07-12 21:25:41', 'c9180ba9-d400-440c-a55e-a2ebfd1b924f'),
 ('22', '1', '2016-07-12 21:25:54', '2016-07-12 21:25:54', 'e4480914-04db-45c4-8e2b-88fe1c927592'),
 ('23', '1', '2016-07-12 21:26:00', '2016-07-12 21:26:00', '6595d65c-e7e1-4b6b-a3cd-e06d27081135'),
 ('24', '1', '2016-07-12 21:37:21', '2016-07-12 21:37:21', '31310b6f-fab9-49dc-be44-fea9481d22a5');



DROP TABLE IF EXISTS `craft_categorygroups`;


--
-- Schema for table `craft_categorygroups`
--
CREATE TABLE `craft_categorygroups` (
  `id` int(11) NOT NULL AUTO_INCREMENT,
  `structureId` int(11) NOT NULL,
  `fieldLayoutId` int(11) DEFAULT NULL,
  `name` varchar(255) COLLATE utf8_unicode_ci NOT NULL,
  `handle` varchar(255) COLLATE utf8_unicode_ci NOT NULL,
  `hasUrls` tinyint(1) unsigned NOT NULL DEFAULT '1',
  `template` varchar(500) COLLATE utf8_unicode_ci DEFAULT NULL,
  `dateCreated` datetime NOT NULL,
  `dateUpdated` datetime NOT NULL,
  `uid` char(36) COLLATE utf8_unicode_ci NOT NULL DEFAULT '0',
  PRIMARY KEY (`id`),
  UNIQUE KEY `craft_categorygroups_name_unq_idx` (`name`),
  UNIQUE KEY `craft_categorygroups_handle_unq_idx` (`handle`),
  KEY `craft_categorygroups_structureId_fk` (`structureId`),
  KEY `craft_categorygroups_fieldLayoutId_fk` (`fieldLayoutId`)
) ENGINE=InnoDB AUTO_INCREMENT=2 DEFAULT CHARSET=utf8 COLLATE=utf8_unicode_ci;

--
-- Data for table `craft_categorygroups`
--

INSERT INTO `craft_categorygroups` (`id`, `structureId`, `fieldLayoutId`, `name`, `handle`, `hasUrls`, `template`, `dateCreated`, `dateUpdated`, `uid`) VALUES
 ('1', '1', '16', 'Topics', 'topics', '1', 'topics', '2016-07-12 18:02:06', '2016-07-12 20:44:49', 'a08e866b-20c0-437f-88e6-b37174b12d71');



DROP TABLE IF EXISTS `craft_categorygroups_i18n`;


--
-- Schema for table `craft_categorygroups_i18n`
--
CREATE TABLE `craft_categorygroups_i18n` (
  `id` int(11) NOT NULL AUTO_INCREMENT,
  `groupId` int(11) NOT NULL,
  `locale` char(12) COLLATE utf8_unicode_ci NOT NULL,
  `urlFormat` text COLLATE utf8_unicode_ci,
  `nestedUrlFormat` text COLLATE utf8_unicode_ci,
  `dateCreated` datetime NOT NULL,
  `dateUpdated` datetime NOT NULL,
  `uid` char(36) COLLATE utf8_unicode_ci NOT NULL DEFAULT '0',
  PRIMARY KEY (`id`),
  UNIQUE KEY `craft_categorygroups_i18n_groupId_locale_unq_idx` (`groupId`,`locale`),
  KEY `craft_categorygroups_i18n_locale_fk` (`locale`)
) ENGINE=InnoDB AUTO_INCREMENT=2 DEFAULT CHARSET=utf8 COLLATE=utf8_unicode_ci;

--
-- Data for table `craft_categorygroups_i18n`
--

INSERT INTO `craft_categorygroups_i18n` (`id`, `groupId`, `locale`, `urlFormat`, `nestedUrlFormat`, `dateCreated`, `dateUpdated`, `uid`) VALUES
 ('1', '1', 'en_us', '{slug}', '{parent.uri}/{slug}', '2016-07-12 18:02:06', '2016-07-12 18:02:06', '77f0dd28-5579-4740-93b9-173c8f4ef94c');



DROP TABLE IF EXISTS `craft_content`;


--
-- Schema for table `craft_content`
--
CREATE TABLE `craft_content` (
  `id` int(11) NOT NULL AUTO_INCREMENT,
  `elementId` int(11) NOT NULL,
  `locale` char(12) COLLATE utf8_unicode_ci NOT NULL,
  `title` varchar(255) COLLATE utf8_unicode_ci DEFAULT NULL,
  `field_body` text COLLATE utf8_unicode_ci,
  `dateCreated` datetime NOT NULL,
  `dateUpdated` datetime NOT NULL,
  `uid` char(36) COLLATE utf8_unicode_ci NOT NULL DEFAULT '0',
  PRIMARY KEY (`id`),
  UNIQUE KEY `craft_content_elementId_locale_unq_idx` (`elementId`,`locale`),
  KEY `craft_content_title_idx` (`title`),
  KEY `craft_content_locale_fk` (`locale`)
) ENGINE=InnoDB AUTO_INCREMENT=26 DEFAULT CHARSET=utf8 COLLATE=utf8_unicode_ci;

--
-- Data for table `craft_content`
--

INSERT INTO `craft_content` (`id`, `elementId`, `locale`, `title`, `field_body`, `dateCreated`, `dateUpdated`, `uid`) VALUES
 ('1', '1', 'en_us', NULL, NULL, '2016-07-12 17:59:28', '2016-07-13 18:36:17', 'e5c541d8-b291-4502-b07d-f04f0a72dbe1'),
 ('2', '2', 'en_us', 'Welcome to Playbook.octopus.dev!', '<p>It’s true, this site doesn’t have a whole lot of content yet, but don’t worry. Our web developers have just installed the CMS, and they’re setting things up for the content editors this very moment. Soon Playbook.octopus.dev will be an oasis of fresh perspectives, sharp analyses, and astute opinions that will keep you coming back again and again.</p>', '2016-07-12 17:59:30', '2016-07-12 17:59:31', '29bc1f54-0d00-4b85-b360-c4101e101ed1'),
 ('4', '4', 'en_us', 'Content Management', NULL, '2016-07-12 18:02:20', '2016-07-12 18:02:20', '3cff11d7-6442-4bf6-a151-6460942c3884'),
 ('5', '5', 'en_us', 'Craft', NULL, '2016-07-12 18:05:57', '2016-07-12 18:05:57', 'ccf785d4-80e4-44a0-836c-24818148b741'),
 ('6', '6', 'en_us', 'Removing “index.php” from URLs', '', '2016-07-12 18:06:39', '2016-07-20 00:50:55', '60f8198c-7807-42ad-9b8f-a6c0e9202521'),
 ('7', '7', 'en_us', 'Javascript', NULL, '2016-07-12 19:03:36', '2016-07-12 19:03:36', '81fe5256-8795-42d9-b358-6dbb9d8a0ede'),
 ('8', '8', 'en_us', 'Vue.js', NULL, '2016-07-12 19:04:22', '2016-07-12 19:04:22', 'f139a23e-0b34-40f7-81f6-2b14a2eb20a9'),
 ('9', '9', 'en_us', 'eCommerce', NULL, '2016-07-12 19:09:34', '2016-07-12 19:09:34', '8356a27b-ff1b-4a06-afc4-2f70015e60d1'),
 ('10', '10', 'en_us', 'Shopify', NULL, '2016-07-12 19:09:42', '2016-07-12 19:09:42', '8a703f3c-85d4-4a35-8202-5835fc351bc6'),
 ('11', '11', 'en_us', 'Craft Commerce', NULL, '2016-07-12 19:09:49', '2016-07-12 19:09:49', '9f40eaeb-3d69-448f-abf9-889676d1fd8b'),
 ('12', '12', 'en_us', 'Craft Permissions', '<pre>\nsudo chmod -R 777 craft/app craft/config</pre>', '2016-07-12 20:21:32', '2016-07-20 00:50:55', 'a40abd45-f92b-4b59-98d5-cc6d5c709133'),
 ('13', '13', 'en_us', 'Ruby', NULL, '2016-07-12 21:23:45', '2016-07-12 21:23:45', '45cd5db1-5705-4b12-b1d4-04f8b9fd1c59'),
 ('14', '14', 'en_us', 'Rails', NULL, '2016-07-12 21:23:53', '2016-07-12 21:23:53', '6da4aa40-e921-4a6e-a9df-c720a06550f9'),
 ('15', '15', 'en_us', 'Rake', NULL, '2016-07-12 21:23:59', '2016-07-12 21:23:59', 'd58eb8f2-c54c-4be4-9cb0-0faf1a8f6d70'),
 ('16', '16', 'en_us', 'Elixir', NULL, '2016-07-12 21:24:11', '2016-07-12 21:24:16', '7ff74ade-47b5-4684-befe-d7a4f3c9943f'),
 ('17', '17', 'en_us', 'Phoenix', NULL, '2016-07-12 21:24:28', '2016-07-12 21:24:28', '309ca247-bac6-497d-afe6-06887b2cbba9'),
 ('18', '18', 'en_us', 'Mix', NULL, '2016-07-12 21:24:34', '2016-07-12 21:24:34', '8462fbca-3470-4c6b-a079-c3fb40941ade'),
 ('19', '19', 'en_us', 'DevOps', NULL, '2016-07-12 21:25:18', '2016-07-12 21:25:18', '881a2a2f-1bab-40e2-975c-fe628d56d05f'),
 ('20', '20', 'en_us', 'Forge', NULL, '2016-07-12 21:25:32', '2016-07-12 21:25:32', '730da8ef-42e7-4c4b-99c5-b91fa7da523b'),
 ('21', '21', 'en_us', 'Docker', NULL, '2016-07-12 21:25:41', '2016-07-12 21:25:41', '765a21ff-2d29-4e6f-9495-c802cb2436c6'),
 ('22', '22', 'en_us', 'Heroku', NULL, '2016-07-12 21:25:53', '2016-07-12 21:25:53', '7b7a8ea4-4bf1-4576-bf66-88104b8421ca'),
 ('23', '23', 'en_us', 'Digital Ocean', NULL, '2016-07-12 21:25:59', '2016-07-12 21:25:59', '5acacc1a-70e4-47ef-8e83-d9b07a2501c9'),
 ('24', '24', 'en_us', 'Statamic', NULL, '2016-07-12 21:37:21', '2016-07-12 21:37:21', 'ea5b8688-a220-4b26-86ef-eb568a36d708'),
 ('25', '25', 'en_us', '\"​Could not find your craft/ folder. Please ensure that $craftPath is set correctly​...\"', '<p>You may encounter this lovely message when first configuring a Craft site on a new server. Despite its looks, it\'s a quick fix.</p><blockquote><a href=\"https://www.google.com/search?client=safari&amp;rls=en&amp;q=Could+not+find+your+craft/+folder.+Please+ensure+that+$craftPath+is+set+correctly&amp;ie=UTF-8&amp;oe=UTF-8\">Could not find your craft/ folder. Please ensure that $craftPath is set correctly</a></blockquote><pre>\nsudo chown -R sudo_user:www-data /var/www/craft</pre><p><br /></p><p><a href=\"http://craftcms.stackexchange.com/questions/538/cant-get-craft-running-on-a-remote-server\">Source (Stackoverflow)</a></p>', '2016-07-14 05:56:42', '2016-07-20 00:50:56', '0906e7e1-2685-43e3-b420-bc121c2ed96f');



DROP TABLE IF EXISTS `craft_deprecationerrors`;


--
-- Schema for table `craft_deprecationerrors`
--
CREATE TABLE `craft_deprecationerrors` (
  `id` int(11) NOT NULL AUTO_INCREMENT,
  `key` varchar(255) COLLATE utf8_unicode_ci NOT NULL,
  `fingerprint` varchar(255) COLLATE utf8_unicode_ci NOT NULL,
  `lastOccurrence` datetime NOT NULL,
  `file` varchar(255) COLLATE utf8_unicode_ci NOT NULL,
  `line` smallint(6) unsigned NOT NULL,
  `class` varchar(255) COLLATE utf8_unicode_ci DEFAULT NULL,
  `method` varchar(255) COLLATE utf8_unicode_ci DEFAULT NULL,
  `template` varchar(255) COLLATE utf8_unicode_ci DEFAULT NULL,
  `templateLine` smallint(6) unsigned DEFAULT NULL,
  `message` varchar(255) COLLATE utf8_unicode_ci DEFAULT NULL,
  `traces` text COLLATE utf8_unicode_ci,
  `dateCreated` datetime NOT NULL,
  `dateUpdated` datetime NOT NULL,
  `uid` char(36) COLLATE utf8_unicode_ci NOT NULL DEFAULT '0',
  PRIMARY KEY (`id`),
  UNIQUE KEY `craft_deprecationerrors_key_fingerprint_unq_idx` (`key`,`fingerprint`)
) ENGINE=InnoDB DEFAULT CHARSET=utf8 COLLATE=utf8_unicode_ci;

DROP TABLE IF EXISTS `craft_elementindexsettings`;


--
-- Schema for table `craft_elementindexsettings`
--
CREATE TABLE `craft_elementindexsettings` (
  `id` int(11) NOT NULL AUTO_INCREMENT,
  `type` varchar(150) COLLATE utf8_unicode_ci NOT NULL,
  `settings` text COLLATE utf8_unicode_ci,
  `dateCreated` datetime NOT NULL,
  `dateUpdated` datetime NOT NULL,
  `uid` char(36) COLLATE utf8_unicode_ci NOT NULL DEFAULT '0',
  PRIMARY KEY (`id`),
  UNIQUE KEY `craft_elementindexsettings_type_unq_idx` (`type`)
) ENGINE=InnoDB AUTO_INCREMENT=2 DEFAULT CHARSET=utf8 COLLATE=utf8_unicode_ci;

--
-- Data for table `craft_elementindexsettings`
--

INSERT INTO `craft_elementindexsettings` (`id`, `type`, `settings`, `dateCreated`, `dateUpdated`, `uid`) VALUES
 ('1', 'Entry', '{\"sources\":{\"section:3\":{\"tableAttributes\":{\"1\":\"postDate\",\"2\":\"expiryDate\",\"3\":\"link\",\"4\":\"field:3\"}}}}', '2016-07-12 20:22:15', '2016-07-12 20:22:15', '4da62aea-f901-46ce-b10b-dafd14ee26f5');



DROP TABLE IF EXISTS `craft_elements`;


--
-- Schema for table `craft_elements`
--
CREATE TABLE `craft_elements` (
  `id` int(11) NOT NULL AUTO_INCREMENT,
  `type` varchar(150) COLLATE utf8_unicode_ci NOT NULL,
  `enabled` tinyint(1) unsigned NOT NULL DEFAULT '1',
  `archived` tinyint(1) unsigned NOT NULL DEFAULT '0',
  `dateCreated` datetime NOT NULL,
  `dateUpdated` datetime NOT NULL,
  `uid` char(36) COLLATE utf8_unicode_ci NOT NULL DEFAULT '0',
  PRIMARY KEY (`id`),
  KEY `craft_elements_type_idx` (`type`),
  KEY `craft_elements_enabled_idx` (`enabled`),
  KEY `craft_elements_archived_dateCreated_idx` (`archived`,`dateCreated`)
) ENGINE=InnoDB AUTO_INCREMENT=26 DEFAULT CHARSET=utf8 COLLATE=utf8_unicode_ci;

--
-- Data for table `craft_elements`
--

INSERT INTO `craft_elements` (`id`, `type`, `enabled`, `archived`, `dateCreated`, `dateUpdated`, `uid`) VALUES
 ('1', 'User', '1', '0', '2016-07-12 17:59:28', '2016-07-13 18:36:17', '6fe66e04-6b99-427c-a8f2-ec3eb000c164'),
 ('2', 'Entry', '1', '0', '2016-07-12 17:59:30', '2016-07-12 17:59:31', '7b79cd94-f1a9-456f-a3d3-47b56e015e42'),
 ('4', 'Category', '1', '0', '2016-07-12 18:02:20', '2016-07-12 18:02:20', '3114077e-ddce-460b-bc36-53bf4a588af9'),
 ('5', 'Category', '1', '0', '2016-07-12 18:05:57', '2016-07-12 18:05:57', '5fdef69e-8cf2-4b24-ab4e-e9028348ebd9'),
 ('6', 'Entry', '1', '0', '2016-07-12 18:06:39', '2016-07-20 00:50:55', '0f3e027d-910e-49ba-b88e-e955d618f3a2'),
 ('7', 'Category', '1', '0', '2016-07-12 19:03:36', '2016-07-12 19:03:36', 'eba49395-810f-46c9-ab73-b2a7bbc03ed5'),
 ('8', 'Category', '1', '0', '2016-07-12 19:04:22', '2016-07-12 19:04:22', '3c6100b4-4063-4a69-b8cc-1e7d07dec8df'),
 ('9', 'Category', '1', '0', '2016-07-12 19:09:34', '2016-07-12 19:09:34', '5d0076da-7977-45c0-93cf-b777563ee529'),
 ('10', 'Category', '1', '0', '2016-07-12 19:09:42', '2016-07-12 19:09:42', '623d1c38-7748-4901-a141-64959882efe9'),
 ('11', 'Category', '1', '0', '2016-07-12 19:09:49', '2016-07-12 19:09:49', 'b2d9fe38-7174-4176-a7b7-425839ff52da'),
 ('12', 'Entry', '1', '0', '2016-07-12 20:21:32', '2016-07-20 00:50:55', '5e2eed6f-82ef-48e3-a841-ab2cf374a952'),
 ('13', 'Category', '1', '0', '2016-07-12 21:23:45', '2016-07-12 21:23:45', 'b5444829-4fc5-42fc-af40-d23d0187e8e1'),
 ('14', 'Category', '1', '0', '2016-07-12 21:23:53', '2016-07-12 21:23:53', '1ceb568b-456b-46cf-b51a-78fa818c0130'),
 ('15', 'Category', '1', '0', '2016-07-12 21:23:59', '2016-07-12 21:23:59', '99f382d5-462f-434d-9537-f47b25945f7b'),
 ('16', 'Category', '1', '0', '2016-07-12 21:24:11', '2016-07-12 21:24:16', '838a092d-5a45-4ce4-ba00-ef2e6f5773b6'),
 ('17', 'Category', '1', '0', '2016-07-12 21:24:28', '2016-07-12 21:24:28', 'ff2bb311-96ed-4133-9e8b-c43ee55f4baa'),
 ('18', 'Category', '1', '0', '2016-07-12 21:24:34', '2016-07-12 21:24:34', 'f59c36c0-27bb-43be-9782-2bf1d2050779'),
 ('19', 'Category', '1', '0', '2016-07-12 21:25:18', '2016-07-12 21:25:18', '41bce0ce-738d-4220-9363-123605781ec8'),
 ('20', 'Category', '1', '0', '2016-07-12 21:25:32', '2016-07-12 21:25:32', 'a4a29b68-a7d4-4d88-9167-69940d8c84fc'),
 ('21', 'Category', '1', '0', '2016-07-12 21:25:41', '2016-07-12 21:25:41', '3dfd89dd-0bf4-426b-be59-a0eeacc35040'),
 ('22', 'Category', '1', '0', '2016-07-12 21:25:53', '2016-07-12 21:25:53', '57fd4486-633c-40b6-88a3-372cd9a32f78'),
 ('23', 'Category', '1', '0', '2016-07-12 21:25:59', '2016-07-12 21:25:59', '2bb19adf-f811-4cd4-a3aa-6950e881b6d6'),
 ('24', 'Category', '1', '0', '2016-07-12 21:37:21', '2016-07-12 21:37:21', 'fdd0a5cf-ac42-4d10-8c48-f2bf901c9bc0'),
 ('25', 'Entry', '1', '0', '2016-07-14 05:56:42', '2016-07-20 00:50:56', 'dd5ffbf0-b4ad-4052-98bd-62dc85a0f3ad');



DROP TABLE IF EXISTS `craft_elements_i18n`;


--
-- Schema for table `craft_elements_i18n`
--
CREATE TABLE `craft_elements_i18n` (
  `id` int(11) NOT NULL AUTO_INCREMENT,
  `elementId` int(11) NOT NULL,
  `locale` char(12) COLLATE utf8_unicode_ci NOT NULL,
  `slug` varchar(255) COLLATE utf8_unicode_ci DEFAULT NULL,
  `uri` varchar(255) COLLATE utf8_unicode_ci DEFAULT NULL,
  `enabled` tinyint(1) unsigned NOT NULL DEFAULT '1',
  `dateCreated` datetime NOT NULL,
  `dateUpdated` datetime NOT NULL,
  `uid` char(36) COLLATE utf8_unicode_ci NOT NULL DEFAULT '0',
  PRIMARY KEY (`id`),
  UNIQUE KEY `craft_elements_i18n_elementId_locale_unq_idx` (`elementId`,`locale`),
  UNIQUE KEY `craft_elements_i18n_uri_locale_unq_idx` (`uri`,`locale`),
  KEY `craft_elements_i18n_slug_locale_idx` (`slug`,`locale`),
  KEY `craft_elements_i18n_enabled_idx` (`enabled`),
  KEY `craft_elements_i18n_locale_fk` (`locale`)
) ENGINE=InnoDB AUTO_INCREMENT=26 DEFAULT CHARSET=utf8 COLLATE=utf8_unicode_ci;

--
-- Data for table `craft_elements_i18n`
--

INSERT INTO `craft_elements_i18n` (`id`, `elementId`, `locale`, `slug`, `uri`, `enabled`, `dateCreated`, `dateUpdated`, `uid`) VALUES
 ('1', '1', 'en_us', '', NULL, '1', '2016-07-12 17:59:29', '2016-07-13 18:36:17', 'ec928cfd-56f3-4e1b-bc21-b4fda2f971c3'),
 ('2', '2', 'en_us', 'homepage', '__home__', '1', '2016-07-12 17:59:31', '2016-07-12 17:59:31', '99c1a5e6-9ee2-4656-b846-701ab4468307'),
 ('4', '4', 'en_us', 'content-management', 'content-management', '1', '2016-07-12 18:02:20', '2016-07-12 18:02:20', '144c8096-c34b-4303-bded-e84a934f2b68'),
 ('5', '5', 'en_us', 'craft', 'content-management/craft', '1', '2016-07-12 18:05:57', '2016-07-12 18:06:02', '912b742c-19e6-44a4-9a9b-a83d52bee3f6'),
 ('6', '6', 'en_us', 'removing-index-php-from-urls', 'content-management/craft/removing-index-php-from-urls', '1', '2016-07-12 18:06:40', '2016-07-20 00:50:55', 'c25fe401-09f3-48ca-8cff-463b9c35fe02'),
 ('7', '7', 'en_us', 'javascript', 'javascript', '1', '2016-07-12 19:03:36', '2016-07-12 19:03:37', '3e0bbd5f-7110-4006-b617-9ef386a65c39'),
 ('8', '8', 'en_us', 'vue-js', 'javascript/vue-js', '1', '2016-07-12 19:04:22', '2016-07-12 19:04:43', '693a08b4-afcb-4b70-8343-aa6666e4564e'),
 ('9', '9', 'en_us', 'ecommerce', 'ecommerce', '1', '2016-07-12 19:09:34', '2016-07-12 19:09:35', '5c08c12f-be99-413d-9837-451d6cbabdf9'),
 ('10', '10', 'en_us', 'shopify', 'ecommerce/shopify', '1', '2016-07-12 19:09:42', '2016-07-12 19:09:54', 'ee45b767-ab38-4f46-a79c-147963e05345'),
 ('11', '11', 'en_us', 'craft-commerce', 'ecommerce/craft-commerce', '1', '2016-07-12 19:09:49', '2016-07-12 19:09:55', 'd2a8e386-4ffb-475d-88d0-e004584aca1b'),
 ('12', '12', 'en_us', 'craft-permissions', 'content-management/craft/craft-permissions', '1', '2016-07-12 20:21:32', '2016-07-20 00:50:56', '49b54d8b-f5e9-42eb-a832-e8e1b198e957'),
 ('13', '13', 'en_us', 'ruby', 'ruby', '1', '2016-07-12 21:23:45', '2016-07-12 21:23:46', 'e7aee181-0687-4ea7-a4c1-1aa259b18d8d'),
 ('14', '14', 'en_us', 'rails', 'ruby/rails', '1', '2016-07-12 21:23:53', '2016-07-12 21:24:04', 'a4fe26e2-b82c-420c-82aa-00662deb6e75'),
 ('15', '15', 'en_us', 'rake', 'ruby/rake', '1', '2016-07-12 21:23:59', '2016-07-12 21:24:05', 'dd52012e-9d50-4854-a7a5-c1ad00861a88'),
 ('16', '16', 'en_us', 'elixir', 'elixir', '1', '2016-07-12 21:24:11', '2016-07-12 21:24:16', 'e3c6725a-6178-4675-b3e0-d96161d91b75'),
 ('17', '17', 'en_us', 'phoenix', 'elixir/phoenix', '1', '2016-07-12 21:24:28', '2016-07-12 21:24:46', '7d85be14-c05c-4420-bc3d-042c70d7cae8'),
 ('18', '18', 'en_us', 'mix', 'elixir/mix', '1', '2016-07-12 21:24:34', '2016-07-12 21:24:47', '5d5bf7b4-7529-4b7c-a319-f24896fe9fb1'),
 ('19', '19', 'en_us', 'devops', 'devops', '1', '2016-07-12 21:25:18', '2016-07-12 21:25:19', '423c023f-3926-4664-9121-87d680a80602'),
 ('20', '20', 'en_us', 'forge', 'devops/forge', '1', '2016-07-12 21:25:32', '2016-07-12 21:25:37', '809f9d12-fd80-4f4f-9c8e-91f725c8b5a0'),
 ('21', '21', 'en_us', 'docker', 'devops/docker', '1', '2016-07-12 21:25:41', '2016-07-12 21:25:46', 'ed150c19-bdac-4e6a-a3c3-2b914f7f7a9c'),
 ('22', '22', 'en_us', 'heroku', 'devops/heroku', '1', '2016-07-12 21:25:54', '2016-07-12 21:26:05', 'b0bca1be-c0f9-427c-96fa-fe79a9c709d6'),
 ('23', '23', 'en_us', 'digital-ocean', 'devops/digital-ocean', '1', '2016-07-12 21:25:59', '2016-07-12 21:26:06', '583d5caf-844c-48e0-b9f4-21eb8c6634fe'),
 ('24', '24', 'en_us', 'statamic', 'content-management/statamic', '1', '2016-07-12 21:37:21', '2016-07-12 21:37:26', '637fe0ac-fdc6-4766-920f-bcee2eff40ed'),
 ('25', '25', 'en_us', 'could-not-find-your-craft-folder-please-ensure-that-craftpath-is-set-correctly', 'content-management/craft/could-not-find-your-craft-folder-please-ensure-that-craftpath-is-set-correctly', '1', '2016-07-14 05:56:42', '2016-07-20 00:50:56', 'c290e11d-1a7f-4a62-8df4-1ff1727fb02c');



DROP TABLE IF EXISTS `craft_emailmessages`;


--
-- Schema for table `craft_emailmessages`
--
CREATE TABLE `craft_emailmessages` (
  `id` int(11) NOT NULL AUTO_INCREMENT,
  `key` char(150) COLLATE utf8_unicode_ci NOT NULL,
  `locale` char(12) COLLATE utf8_unicode_ci NOT NULL,
  `subject` varchar(1000) COLLATE utf8_unicode_ci NOT NULL,
  `body` text COLLATE utf8_unicode_ci NOT NULL,
  `dateCreated` datetime NOT NULL,
  `dateUpdated` datetime NOT NULL,
  `uid` char(36) COLLATE utf8_unicode_ci NOT NULL DEFAULT '0',
  PRIMARY KEY (`id`),
  UNIQUE KEY `craft_emailmessages_key_locale_unq_idx` (`key`,`locale`),
  KEY `craft_emailmessages_locale_fk` (`locale`)
) ENGINE=InnoDB DEFAULT CHARSET=utf8 COLLATE=utf8_unicode_ci;

DROP TABLE IF EXISTS `craft_entries`;


--
-- Schema for table `craft_entries`
--
CREATE TABLE `craft_entries` (
  `id` int(11) NOT NULL,
  `sectionId` int(11) NOT NULL,
  `typeId` int(11) DEFAULT NULL,
  `authorId` int(11) DEFAULT NULL,
  `postDate` datetime DEFAULT NULL,
  `expiryDate` datetime DEFAULT NULL,
  `dateCreated` datetime NOT NULL,
  `dateUpdated` datetime NOT NULL,
  `uid` char(36) COLLATE utf8_unicode_ci NOT NULL DEFAULT '0',
  PRIMARY KEY (`id`),
  KEY `craft_entries_sectionId_idx` (`sectionId`),
  KEY `craft_entries_typeId_idx` (`typeId`),
  KEY `craft_entries_postDate_idx` (`postDate`),
  KEY `craft_entries_expiryDate_idx` (`expiryDate`),
  KEY `craft_entries_authorId_fk` (`authorId`)
) ENGINE=InnoDB DEFAULT CHARSET=utf8 COLLATE=utf8_unicode_ci;

--
-- Data for table `craft_entries`
--

INSERT INTO `craft_entries` (`id`, `sectionId`, `typeId`, `authorId`, `postDate`, `expiryDate`, `dateCreated`, `dateUpdated`, `uid`) VALUES
 ('2', '1', NULL, NULL, '2016-07-12 17:59:30', NULL, '2016-07-12 17:59:31', '2016-07-12 17:59:31', '1e16db3a-a8e4-4e58-a291-c445d92844a7'),
 ('6', '3', '4', '1', '2016-07-12 18:06:39', NULL, '2016-07-12 18:06:40', '2016-07-12 18:06:40', '62450353-0d62-438d-98ae-6ee8eb2bfa40'),
 ('12', '3', '5', '1', '2016-07-12 20:21:00', NULL, '2016-07-12 20:21:32', '2016-07-12 20:37:37', '1aaa2aa9-85ed-4cd9-be57-9da96e5e4fe7'),
 ('25', '3', '4', '1', '2016-07-14 05:56:42', NULL, '2016-07-14 05:56:42', '2016-07-14 05:56:42', 'd900127a-daf3-4eca-b2f7-f1bbc894f69d');



DROP TABLE IF EXISTS `craft_entrydrafts`;


--
-- Schema for table `craft_entrydrafts`
--
CREATE TABLE `craft_entrydrafts` (
  `id` int(11) NOT NULL AUTO_INCREMENT,
  `entryId` int(11) NOT NULL,
  `sectionId` int(11) NOT NULL,
  `creatorId` int(11) NOT NULL,
  `locale` char(12) COLLATE utf8_unicode_ci NOT NULL,
  `name` varchar(255) COLLATE utf8_unicode_ci NOT NULL,
  `notes` tinytext COLLATE utf8_unicode_ci,
  `data` mediumtext COLLATE utf8_unicode_ci NOT NULL,
  `dateCreated` datetime NOT NULL,
  `dateUpdated` datetime NOT NULL,
  `uid` char(36) COLLATE utf8_unicode_ci NOT NULL DEFAULT '0',
  PRIMARY KEY (`id`),
  KEY `craft_entrydrafts_entryId_locale_idx` (`entryId`,`locale`),
  KEY `craft_entrydrafts_sectionId_fk` (`sectionId`),
  KEY `craft_entrydrafts_creatorId_fk` (`creatorId`),
  KEY `craft_entrydrafts_locale_fk` (`locale`)
) ENGINE=InnoDB DEFAULT CHARSET=utf8 COLLATE=utf8_unicode_ci;

DROP TABLE IF EXISTS `craft_entrytypes`;


--
-- Schema for table `craft_entrytypes`
--
CREATE TABLE `craft_entrytypes` (
  `id` int(11) NOT NULL AUTO_INCREMENT,
  `sectionId` int(11) NOT NULL,
  `fieldLayoutId` int(11) DEFAULT NULL,
  `name` varchar(255) COLLATE utf8_unicode_ci NOT NULL,
  `handle` varchar(255) COLLATE utf8_unicode_ci NOT NULL,
  `hasTitleField` tinyint(1) unsigned NOT NULL DEFAULT '1',
  `titleLabel` varchar(255) COLLATE utf8_unicode_ci DEFAULT 'Title',
  `titleFormat` varchar(255) COLLATE utf8_unicode_ci DEFAULT NULL,
  `sortOrder` smallint(6) unsigned DEFAULT NULL,
  `dateCreated` datetime NOT NULL,
  `dateUpdated` datetime NOT NULL,
  `uid` char(36) COLLATE utf8_unicode_ci NOT NULL DEFAULT '0',
  PRIMARY KEY (`id`),
  UNIQUE KEY `craft_entrytypes_name_sectionId_unq_idx` (`name`,`sectionId`),
  UNIQUE KEY `craft_entrytypes_handle_sectionId_unq_idx` (`handle`,`sectionId`),
  KEY `craft_entrytypes_sectionId_fk` (`sectionId`),
  KEY `craft_entrytypes_fieldLayoutId_fk` (`fieldLayoutId`)
) ENGINE=InnoDB AUTO_INCREMENT=6 DEFAULT CHARSET=utf8 COLLATE=utf8_unicode_ci;

--
-- Data for table `craft_entrytypes`
--

INSERT INTO `craft_entrytypes` (`id`, `sectionId`, `fieldLayoutId`, `name`, `handle`, `hasTitleField`, `titleLabel`, `titleFormat`, `sortOrder`, `dateCreated`, `dateUpdated`, `uid`) VALUES
 ('1', '1', '3', 'Homepage', 'homepage', '1', 'Title', NULL, NULL, '2016-07-12 17:59:30', '2016-07-12 17:59:31', '8fbaf682-b9cf-49f3-8331-6af456794f23'),
 ('4', '3', '13', 'Tips', 'tips', '1', 'Title', NULL, '2', '2016-07-12 18:03:22', '2016-07-12 20:37:11', '93aed709-532d-4da2-95e8-4badc8cd65b9'),
 ('5', '3', '14', 'Walkthroughs', 'walkthroughs', '1', 'Title', NULL, '1', '2016-07-12 18:03:41', '2016-07-12 20:37:11', 'c0adc2ad-4642-4713-938b-b4127d9a23a1');



DROP TABLE IF EXISTS `craft_entryversions`;


--
-- Schema for table `craft_entryversions`
--
CREATE TABLE `craft_entryversions` (
  `id` int(11) NOT NULL AUTO_INCREMENT,
  `entryId` int(11) NOT NULL,
  `sectionId` int(11) NOT NULL,
  `creatorId` int(11) DEFAULT NULL,
  `locale` char(12) COLLATE utf8_unicode_ci NOT NULL,
  `num` smallint(6) unsigned NOT NULL,
  `notes` tinytext COLLATE utf8_unicode_ci,
  `data` mediumtext COLLATE utf8_unicode_ci NOT NULL,
  `dateCreated` datetime NOT NULL,
  `dateUpdated` datetime NOT NULL,
  `uid` char(36) COLLATE utf8_unicode_ci NOT NULL DEFAULT '0',
  PRIMARY KEY (`id`),
  KEY `craft_entryversions_entryId_locale_idx` (`entryId`,`locale`),
  KEY `craft_entryversions_sectionId_fk` (`sectionId`),
  KEY `craft_entryversions_creatorId_fk` (`creatorId`),
  KEY `craft_entryversions_locale_fk` (`locale`)
) ENGINE=InnoDB AUTO_INCREMENT=8 DEFAULT CHARSET=utf8 COLLATE=utf8_unicode_ci;

--
-- Data for table `craft_entryversions`
--

INSERT INTO `craft_entryversions` (`id`, `entryId`, `sectionId`, `creatorId`, `locale`, `num`, `notes`, `data`, `dateCreated`, `dateUpdated`, `uid`) VALUES
 ('1', '2', '1', '1', 'en_us', '1', NULL, '{\"typeId\":\"1\",\"authorId\":null,\"title\":\"Homepage\",\"slug\":\"homepage\",\"postDate\":1468346370,\"expiryDate\":null,\"enabled\":1,\"parentId\":null,\"fields\":[]}', '2016-07-12 17:59:31', '2016-07-12 17:59:31', '3b5ee225-29a6-453d-8854-cbfca2d0d8c9'),
 ('2', '2', '1', '1', 'en_us', '2', NULL, '{\"typeId\":null,\"authorId\":null,\"title\":\"Welcome to Playbook.octopus.dev!\",\"slug\":\"homepage\",\"postDate\":1468346370,\"expiryDate\":null,\"enabled\":\"1\",\"parentId\":null,\"fields\":{\"1\":\"<p>It\\u2019s true, this site doesn\\u2019t have a whole lot of content yet, but don\\u2019t worry. Our web developers have just installed the CMS, and they\\u2019re setting things up for the content editors this very moment. Soon Playbook.octopus.dev will be an oasis of fresh perspectives, sharp analyses, and astute opinions that will keep you coming back again and again.<\\/p>\"}}', '2016-07-12 17:59:31', '2016-07-12 17:59:31', '35d2ea23-b789-409f-a413-f7a7fec6d308'),
 ('4', '6', '3', '1', 'en_us', '1', '', '{\"typeId\":\"4\",\"authorId\":\"1\",\"title\":\"Removing \\u201cindex.php\\u201d from URLs\",\"slug\":\"removing-index-php-from-urls\",\"postDate\":1468346799,\"expiryDate\":null,\"enabled\":1,\"parentId\":\"\",\"fields\":{\"1\":\"\",\"3\":[\"4\",\"5\"],\"2\":\"\"}}', '2016-07-12 18:06:40', '2016-07-12 18:06:40', 'a42834df-84ab-46d1-8fc3-79b8fe09876b'),
 ('5', '12', '3', '1', 'en_us', '1', NULL, '{\"typeId\":\"4\",\"authorId\":\"1\",\"title\":\"Craft Permissions\",\"slug\":\"craft-permissions\",\"postDate\":1468354892,\"expiryDate\":null,\"enabled\":1,\"parentId\":null,\"fields\":{\"1\":\"<pre>\\nsudo chmod -R 777 craft\\/app craft\\/config<\\/pre>\",\"3\":[\"4\",\"5\"],\"2\":\"\"}}', '2016-07-12 20:21:32', '2016-07-12 20:21:32', '7a4d3144-e7d7-4140-9fb0-caac5232c310'),
 ('6', '12', '3', '1', 'en_us', '2', '', '{\"typeId\":\"5\",\"authorId\":\"1\",\"title\":\"Craft Permissions\",\"slug\":\"craft-permissions\",\"postDate\":1468354860,\"expiryDate\":null,\"enabled\":1,\"parentId\":\"\",\"fields\":{\"1\":\"<pre>\\r\\nsudo chmod -R 777 craft\\/app craft\\/config<\\/pre>\",\"2\":\"\"}}', '2016-07-12 20:37:37', '2016-07-12 20:37:37', '9fbe136e-8308-43fc-95a2-f5a79a600407'),
 ('7', '25', '3', '1', 'en_us', '1', '', '{\"typeId\":\"4\",\"authorId\":\"1\",\"title\":\"\\\"\\u200bCould not find your craft\\/ folder. Please ensure that $craftPath is set correctly\\u200b...\\\"\",\"slug\":\"could-not-find-your-craft-folder-please-ensure-that-craftpath-is-set-correctly\",\"postDate\":1468475802,\"expiryDate\":null,\"enabled\":1,\"parentId\":\"\",\"fields\":{\"1\":\"<p>You may&nbsp;encounter this lovely message when first configuring a Craft site on a new server. Despite&nbsp;its looks, it\'s a quick fix.<\\/p><blockquote><a href=\\\"https:\\/\\/www.google.com\\/search?client=safari&rls=en&q=Could+not+find+your+craft\\/+folder.+Please+ensure+that+$craftPath+is+set+correctly&ie=UTF-8&oe=UTF-8\\\">Could not find your craft\\/ folder. Please ensure that $craftPath is set correctly<\\/a><\\/blockquote><pre>\\r\\nsudo chown -R sudo_user:www-data \\/var\\/www\\/craft<\\/pre><p><br><\\/p><p><a href=\\\"http:\\/\\/craftcms.stackexchange.com\\/questions\\/538\\/cant-get-craft-running-on-a-remote-server\\\">Source (Stackoverflow)<\\/a><\\/p>\",\"3\":[\"4\",\"5\"],\"2\":\"\"}}', '2016-07-14 05:56:42', '2016-07-14 05:56:42', '85f44783-7e26-4a4b-8b38-d0bcac0c4c93');



DROP TABLE IF EXISTS `craft_fieldgroups`;


--
-- Schema for table `craft_fieldgroups`
--
CREATE TABLE `craft_fieldgroups` (
  `id` int(11) NOT NULL AUTO_INCREMENT,
  `name` varchar(255) COLLATE utf8_unicode_ci NOT NULL,
  `dateCreated` datetime NOT NULL,
  `dateUpdated` datetime NOT NULL,
  `uid` char(36) COLLATE utf8_unicode_ci NOT NULL DEFAULT '0',
  PRIMARY KEY (`id`),
  UNIQUE KEY `craft_fieldgroups_name_unq_idx` (`name`)
) ENGINE=InnoDB AUTO_INCREMENT=2 DEFAULT CHARSET=utf8 COLLATE=utf8_unicode_ci;

--
-- Data for table `craft_fieldgroups`
--

INSERT INTO `craft_fieldgroups` (`id`, `name`, `dateCreated`, `dateUpdated`, `uid`) VALUES
 ('1', 'Default', '2016-07-12 17:59:30', '2016-07-12 17:59:30', 'e3d54124-8a32-4cee-ad26-564bd1e40ef5');



DROP TABLE IF EXISTS `craft_fieldlayoutfields`;


--
-- Schema for table `craft_fieldlayoutfields`
--
CREATE TABLE `craft_fieldlayoutfields` (
  `id` int(11) NOT NULL AUTO_INCREMENT,
  `layoutId` int(11) NOT NULL,
  `tabId` int(11) NOT NULL,
  `fieldId` int(11) NOT NULL,
  `required` tinyint(1) unsigned NOT NULL DEFAULT '0',
  `sortOrder` smallint(6) unsigned DEFAULT NULL,
  `dateCreated` datetime NOT NULL,
  `dateUpdated` datetime NOT NULL,
  `uid` char(36) COLLATE utf8_unicode_ci NOT NULL DEFAULT '0',
  PRIMARY KEY (`id`),
  UNIQUE KEY `craft_fieldlayoutfields_layoutId_fieldId_unq_idx` (`layoutId`,`fieldId`),
  KEY `craft_fieldlayoutfields_sortOrder_idx` (`sortOrder`),
  KEY `craft_fieldlayoutfields_tabId_fk` (`tabId`),
  KEY `craft_fieldlayoutfields_fieldId_fk` (`fieldId`)
) ENGINE=InnoDB AUTO_INCREMENT=21 DEFAULT CHARSET=utf8 COLLATE=utf8_unicode_ci;

--
-- Data for table `craft_fieldlayoutfields`
--

INSERT INTO `craft_fieldlayoutfields` (`id`, `layoutId`, `tabId`, `fieldId`, `required`, `sortOrder`, `dateCreated`, `dateUpdated`, `uid`) VALUES
 ('1', '3', '1', '1', '1', '1', '2016-07-12 17:59:31', '2016-07-12 17:59:31', '3c2bc87a-d25a-45cf-83ac-e2ed3103214a'),
 ('16', '13', '8', '1', '0', '1', '2016-07-12 18:28:53', '2016-07-12 18:28:53', '86b9b5ad-9850-42d8-afae-a99b583f31f8'),
 ('17', '13', '8', '3', '0', '2', '2016-07-12 18:28:53', '2016-07-12 18:28:53', '20b2679f-0ca7-4123-9b93-c7b354f73782'),
 ('18', '13', '8', '2', '0', '3', '2016-07-12 18:28:53', '2016-07-12 18:28:53', 'b1e3f648-e4cf-48a5-b36b-525d10674d4b'),
 ('19', '14', '9', '1', '0', '1', '2016-07-12 18:28:59', '2016-07-12 18:28:59', 'a87f9658-d295-4aa8-b134-8c055cdec5f0'),
 ('20', '14', '9', '2', '0', '2', '2016-07-12 18:28:59', '2016-07-12 18:28:59', 'a6d059ec-a3ca-4a53-ba31-6dfa3837bf93');



DROP TABLE IF EXISTS `craft_fieldlayouts`;


--
-- Schema for table `craft_fieldlayouts`
--
CREATE TABLE `craft_fieldlayouts` (
  `id` int(11) NOT NULL AUTO_INCREMENT,
  `type` varchar(150) COLLATE utf8_unicode_ci NOT NULL,
  `dateCreated` datetime NOT NULL,
  `dateUpdated` datetime NOT NULL,
  `uid` char(36) COLLATE utf8_unicode_ci NOT NULL DEFAULT '0',
  PRIMARY KEY (`id`),
  KEY `craft_fieldlayouts_type_idx` (`type`)
) ENGINE=InnoDB AUTO_INCREMENT=17 DEFAULT CHARSET=utf8 COLLATE=utf8_unicode_ci;

--
-- Data for table `craft_fieldlayouts`
--

INSERT INTO `craft_fieldlayouts` (`id`, `type`, `dateCreated`, `dateUpdated`, `uid`) VALUES
 ('1', 'Tag', '2016-07-12 17:59:30', '2016-07-12 17:59:30', 'e656da9b-00f0-42e8-a1cf-7ddfe48ffb67'),
 ('3', 'Entry', '2016-07-12 17:59:31', '2016-07-12 17:59:31', '90393a18-4278-4689-a8e7-5aa370d8b94a'),
 ('13', 'Entry', '2016-07-12 18:28:52', '2016-07-12 18:28:52', '834756f9-e9e5-428b-a770-a2bdba2db6be'),
 ('14', 'Entry', '2016-07-12 18:28:58', '2016-07-12 18:28:58', '734e59e9-ff26-4595-84df-b5f62d4f928b'),
 ('16', 'Category', '2016-07-12 20:44:49', '2016-07-12 20:44:49', '07869f0b-e8a7-4fed-9b21-206b3faada3e');



DROP TABLE IF EXISTS `craft_fieldlayouttabs`;


--
-- Schema for table `craft_fieldlayouttabs`
--
CREATE TABLE `craft_fieldlayouttabs` (
  `id` int(11) NOT NULL AUTO_INCREMENT,
  `layoutId` int(11) NOT NULL,
  `name` varchar(255) COLLATE utf8_unicode_ci NOT NULL,
  `sortOrder` smallint(6) unsigned DEFAULT NULL,
  `dateCreated` datetime NOT NULL,
  `dateUpdated` datetime NOT NULL,
  `uid` char(36) COLLATE utf8_unicode_ci NOT NULL DEFAULT '0',
  PRIMARY KEY (`id`),
  KEY `craft_fieldlayouttabs_sortOrder_idx` (`sortOrder`),
  KEY `craft_fieldlayouttabs_layoutId_fk` (`layoutId`)
) ENGINE=InnoDB AUTO_INCREMENT=10 DEFAULT CHARSET=utf8 COLLATE=utf8_unicode_ci;

--
-- Data for table `craft_fieldlayouttabs`
--

INSERT INTO `craft_fieldlayouttabs` (`id`, `layoutId`, `name`, `sortOrder`, `dateCreated`, `dateUpdated`, `uid`) VALUES
 ('1', '3', 'Content', '1', '2016-07-12 17:59:31', '2016-07-12 17:59:31', '353dabcc-aec9-4a4a-8481-095de6215dea'),
 ('8', '13', 'Default', '1', '2016-07-12 18:28:53', '2016-07-12 18:28:53', '675f9707-b6f0-4ec4-8a93-ce6d673c5295'),
 ('9', '14', 'Default', '1', '2016-07-12 18:28:58', '2016-07-12 18:28:58', 'fc78ad80-ecd9-4d9c-b71a-5721b29eea5f');



DROP TABLE IF EXISTS `craft_fields`;


--
-- Schema for table `craft_fields`
--
CREATE TABLE `craft_fields` (
  `id` int(11) NOT NULL AUTO_INCREMENT,
  `groupId` int(11) DEFAULT NULL,
  `name` varchar(255) COLLATE utf8_unicode_ci NOT NULL,
  `handle` varchar(58) COLLATE utf8_unicode_ci NOT NULL,
  `context` varchar(255) COLLATE utf8_unicode_ci NOT NULL DEFAULT 'global',
  `instructions` text COLLATE utf8_unicode_ci,
  `translatable` tinyint(1) unsigned NOT NULL DEFAULT '0',
  `type` varchar(150) COLLATE utf8_unicode_ci NOT NULL,
  `settings` text COLLATE utf8_unicode_ci,
  `dateCreated` datetime NOT NULL,
  `dateUpdated` datetime NOT NULL,
  `uid` char(36) COLLATE utf8_unicode_ci NOT NULL DEFAULT '0',
  PRIMARY KEY (`id`),
  UNIQUE KEY `craft_fields_handle_context_unq_idx` (`handle`,`context`),
  KEY `craft_fields_context_idx` (`context`),
  KEY `craft_fields_groupId_fk` (`groupId`)
) ENGINE=InnoDB AUTO_INCREMENT=4 DEFAULT CHARSET=utf8 COLLATE=utf8_unicode_ci;

--
-- Data for table `craft_fields`
--

INSERT INTO `craft_fields` (`id`, `groupId`, `name`, `handle`, `context`, `instructions`, `translatable`, `type`, `settings`, `dateCreated`, `dateUpdated`, `uid`) VALUES
 ('1', '1', 'Body', 'body', 'global', NULL, '1', 'RichText', '{\"configFile\":\"Standard.json\",\"columnType\":\"text\"}', '2016-07-12 17:59:30', '2016-07-12 17:59:30', 'f87db992-d0a5-4d96-b4af-b12cf067664d'),
 ('2', '1', 'Tags', 'tags', 'global', NULL, '0', 'Tags', '{\"source\":\"taggroup:1\"}', '2016-07-12 17:59:30', '2016-07-12 17:59:30', 'a79333ed-e47e-417c-9b3a-3a4e1fbb1b0e'),
 ('3', '1', 'Category', 'category', 'global', '', '0', 'Categories', '{\"source\":\"group:1\",\"limit\":\"\",\"selectionLabel\":\"\"}', '2016-07-12 18:05:23', '2016-07-12 18:05:23', '92aeed13-3855-41e1-adc6-574dc6c65ad2');



DROP TABLE IF EXISTS `craft_globalsets`;


--
-- Schema for table `craft_globalsets`
--
CREATE TABLE `craft_globalsets` (
  `id` int(11) NOT NULL,
  `name` varchar(255) COLLATE utf8_unicode_ci NOT NULL,
  `handle` varchar(255) COLLATE utf8_unicode_ci NOT NULL,
  `fieldLayoutId` int(10) DEFAULT NULL,
  `dateCreated` datetime NOT NULL,
  `dateUpdated` datetime NOT NULL,
  `uid` char(36) COLLATE utf8_unicode_ci NOT NULL DEFAULT '0',
  PRIMARY KEY (`id`),
  UNIQUE KEY `craft_globalsets_name_unq_idx` (`name`),
  UNIQUE KEY `craft_globalsets_handle_unq_idx` (`handle`),
  KEY `craft_globalsets_fieldLayoutId_fk` (`fieldLayoutId`)
) ENGINE=InnoDB DEFAULT CHARSET=utf8 COLLATE=utf8_unicode_ci;

DROP TABLE IF EXISTS `craft_info`;


--
-- Schema for table `craft_info`
--
CREATE TABLE `craft_info` (
  `id` int(11) NOT NULL AUTO_INCREMENT,
  `version` varchar(15) COLLATE utf8_unicode_ci NOT NULL,
  `build` int(11) unsigned NOT NULL,
  `schemaVersion` varchar(15) COLLATE utf8_unicode_ci NOT NULL,
  `releaseDate` datetime NOT NULL,
  `edition` tinyint(1) unsigned NOT NULL DEFAULT '0',
  `siteName` varchar(100) COLLATE utf8_unicode_ci NOT NULL,
  `siteUrl` varchar(255) COLLATE utf8_unicode_ci NOT NULL,
  `timezone` varchar(30) COLLATE utf8_unicode_ci DEFAULT NULL,
  `on` tinyint(1) unsigned NOT NULL DEFAULT '0',
  `maintenance` tinyint(1) unsigned NOT NULL DEFAULT '0',
  `track` varchar(40) COLLATE utf8_unicode_ci NOT NULL,
  `dateCreated` datetime NOT NULL,
  `dateUpdated` datetime NOT NULL,
  `uid` char(36) COLLATE utf8_unicode_ci NOT NULL DEFAULT '0',
  PRIMARY KEY (`id`)
) ENGINE=InnoDB AUTO_INCREMENT=2 DEFAULT CHARSET=utf8 COLLATE=utf8_unicode_ci;

--
-- Data for table `craft_info`
--

INSERT INTO `craft_info` (`id`, `version`, `build`, `schemaVersion`, `releaseDate`, `edition`, `siteName`, `siteUrl`, `timezone`, `on`, `maintenance`, `track`, `dateCreated`, `dateUpdated`, `uid`) VALUES
 ('1', '2.6', '2796', '2.6.5', '2016-07-10 21:13:17', '0', 'Playbook by Octopus', 'http://playbook.octop.us', 'UTC', '1', '1', 'stable', '2016-07-12 17:59:26', '2016-07-21 18:47:09', 'a2f3be80-76a0-47e4-8642-96257282b2ad');



DROP TABLE IF EXISTS `craft_locales`;


--
-- Schema for table `craft_locales`
--
CREATE TABLE `craft_locales` (
  `locale` char(12) COLLATE utf8_unicode_ci NOT NULL,
  `sortOrder` smallint(6) unsigned DEFAULT NULL,
  `dateCreated` datetime NOT NULL,
  `dateUpdated` datetime NOT NULL,
  `uid` char(36) COLLATE utf8_unicode_ci NOT NULL DEFAULT '0',
  PRIMARY KEY (`locale`),
  KEY `craft_locales_sortOrder_idx` (`sortOrder`)
) ENGINE=InnoDB DEFAULT CHARSET=utf8 COLLATE=utf8_unicode_ci;

--
-- Data for table `craft_locales`
--

INSERT INTO `craft_locales` (`locale`, `sortOrder`, `dateCreated`, `dateUpdated`, `uid`) VALUES
 ('en_us', '1', '2016-07-12 17:59:28', '2016-07-12 17:59:28', 'da7fed74-d847-47b8-9b4b-d047eeb0c2b9');



DROP TABLE IF EXISTS `craft_matrixblocks`;


--
-- Schema for table `craft_matrixblocks`
--
CREATE TABLE `craft_matrixblocks` (
  `id` int(11) NOT NULL,
  `ownerId` int(11) NOT NULL,
  `fieldId` int(11) NOT NULL,
  `typeId` int(11) DEFAULT NULL,
  `sortOrder` smallint(6) unsigned DEFAULT NULL,
  `ownerLocale` char(12) COLLATE utf8_unicode_ci DEFAULT NULL,
  `dateCreated` datetime NOT NULL,
  `dateUpdated` datetime NOT NULL,
  `uid` char(36) COLLATE utf8_unicode_ci NOT NULL DEFAULT '0',
  PRIMARY KEY (`id`),
  KEY `craft_matrixblocks_ownerId_idx` (`ownerId`),
  KEY `craft_matrixblocks_fieldId_idx` (`fieldId`),
  KEY `craft_matrixblocks_typeId_idx` (`typeId`),
  KEY `craft_matrixblocks_sortOrder_idx` (`sortOrder`),
  KEY `craft_matrixblocks_ownerLocale_fk` (`ownerLocale`)
) ENGINE=InnoDB DEFAULT CHARSET=utf8 COLLATE=utf8_unicode_ci;

DROP TABLE IF EXISTS `craft_matrixblocktypes`;


--
-- Schema for table `craft_matrixblocktypes`
--
CREATE TABLE `craft_matrixblocktypes` (
  `id` int(11) NOT NULL AUTO_INCREMENT,
  `fieldId` int(11) NOT NULL,
  `fieldLayoutId` int(11) DEFAULT NULL,
  `name` varchar(255) COLLATE utf8_unicode_ci NOT NULL,
  `handle` varchar(255) COLLATE utf8_unicode_ci NOT NULL,
  `sortOrder` smallint(6) unsigned DEFAULT NULL,
  `dateCreated` datetime NOT NULL,
  `dateUpdated` datetime NOT NULL,
  `uid` char(36) COLLATE utf8_unicode_ci NOT NULL DEFAULT '0',
  PRIMARY KEY (`id`),
  UNIQUE KEY `craft_matrixblocktypes_name_fieldId_unq_idx` (`name`,`fieldId`),
  UNIQUE KEY `craft_matrixblocktypes_handle_fieldId_unq_idx` (`handle`,`fieldId`),
  KEY `craft_matrixblocktypes_fieldId_fk` (`fieldId`),
  KEY `craft_matrixblocktypes_fieldLayoutId_fk` (`fieldLayoutId`)
) ENGINE=InnoDB DEFAULT CHARSET=utf8 COLLATE=utf8_unicode_ci;

DROP TABLE IF EXISTS `craft_migrations`;


--
-- Schema for table `craft_migrations`
--
CREATE TABLE `craft_migrations` (
  `id` int(11) NOT NULL AUTO_INCREMENT,
  `pluginId` int(11) DEFAULT NULL,
  `version` varchar(255) COLLATE utf8_unicode_ci NOT NULL,
  `applyTime` datetime NOT NULL,
  `dateCreated` datetime NOT NULL,
  `dateUpdated` datetime NOT NULL,
  `uid` char(36) COLLATE utf8_unicode_ci NOT NULL DEFAULT '0',
  PRIMARY KEY (`id`),
  UNIQUE KEY `craft_migrations_version_unq_idx` (`version`),
  KEY `craft_migrations_pluginId_fk` (`pluginId`)
) ENGINE=InnoDB AUTO_INCREMENT=34 DEFAULT CHARSET=utf8 COLLATE=utf8_unicode_ci;

--
-- Data for table `craft_migrations`
--

INSERT INTO `craft_migrations` (`id`, `pluginId`, `version`, `applyTime`, `dateCreated`, `dateUpdated`, `uid`) VALUES
 ('1', NULL, 'm000000_000000_base', '2016-07-12 17:59:26', '2016-07-12 17:59:27', '2016-07-12 17:59:27', '287d9ce6-e59c-431f-a83c-75921c183ec9'),
 ('2', NULL, 'm140730_000001_add_filename_and_format_to_transformindex', '2016-07-12 17:59:26', '2016-07-12 17:59:27', '2016-07-12 17:59:27', '4192ce96-f75c-4e5c-9924-06bc265347d4'),
 ('3', NULL, 'm140815_000001_add_format_to_transforms', '2016-07-12 17:59:26', '2016-07-12 17:59:27', '2016-07-12 17:59:27', '9e278e05-3ec0-48f7-aa4f-cbd61480fb7d'),
 ('4', NULL, 'm140822_000001_allow_more_than_128_items_per_field', '2016-07-12 17:59:26', '2016-07-12 17:59:27', '2016-07-12 17:59:27', 'e699c5b6-bf52-4b75-98d0-d4c49dbbca8d'),
 ('5', NULL, 'm140829_000001_single_title_formats', '2016-07-12 17:59:26', '2016-07-12 17:59:27', '2016-07-12 17:59:27', '848c9c35-d48e-4f25-9da8-e20249e2ba67'),
 ('6', NULL, 'm140831_000001_extended_cache_keys', '2016-07-12 17:59:26', '2016-07-12 17:59:27', '2016-07-12 17:59:27', 'f74785a2-fa95-4e15-8ba5-89f2043010d3'),
 ('7', NULL, 'm140922_000001_delete_orphaned_matrix_blocks', '2016-07-12 17:59:26', '2016-07-12 17:59:27', '2016-07-12 17:59:27', '028448c9-82a3-4cc1-8532-3d8ea8529cdc'),
 ('8', NULL, 'm141008_000001_elements_index_tune', '2016-07-12 17:59:26', '2016-07-12 17:59:27', '2016-07-12 17:59:27', '495da0e7-adf9-440a-a726-d9e1c09af77a'),
 ('9', NULL, 'm141009_000001_assets_source_handle', '2016-07-12 17:59:26', '2016-07-12 17:59:27', '2016-07-12 17:59:27', '0335faeb-43a5-4d93-96e6-37bc6185b80b'),
 ('10', NULL, 'm141024_000001_field_layout_tabs', '2016-07-12 17:59:26', '2016-07-12 17:59:27', '2016-07-12 17:59:27', '0dd15f78-5979-48f9-b142-df7954755dea'),
 ('11', NULL, 'm141030_000000_plugin_schema_versions', '2016-07-12 17:59:26', '2016-07-12 17:59:27', '2016-07-12 17:59:27', 'faf8045a-5946-4559-9a0b-f6f41ab4dff5'),
 ('12', NULL, 'm141030_000001_drop_structure_move_permission', '2016-07-12 17:59:26', '2016-07-12 17:59:27', '2016-07-12 17:59:27', 'bc956417-4a32-4e47-9505-15d4c3b7b30a'),
 ('13', NULL, 'm141103_000001_tag_titles', '2016-07-12 17:59:26', '2016-07-12 17:59:27', '2016-07-12 17:59:27', '4c60eb17-3372-44b3-98cc-c38663355f2f'),
 ('14', NULL, 'm141109_000001_user_status_shuffle', '2016-07-12 17:59:26', '2016-07-12 17:59:27', '2016-07-12 17:59:27', 'aadf9399-6189-439a-ba0e-20f93689cb14'),
 ('15', NULL, 'm141126_000001_user_week_start_day', '2016-07-12 17:59:26', '2016-07-12 17:59:27', '2016-07-12 17:59:27', 'e63d15a7-428d-4095-8584-bdaad5a8f2b6'),
 ('16', NULL, 'm150210_000001_adjust_user_photo_size', '2016-07-12 17:59:26', '2016-07-12 17:59:27', '2016-07-12 17:59:27', 'df397291-1ddc-4d9b-b8dc-8c12fb41782d'),
 ('17', NULL, 'm150724_000001_adjust_quality_settings', '2016-07-12 17:59:26', '2016-07-12 17:59:27', '2016-07-12 17:59:27', '5bced2f1-9cae-4ca6-9ebd-510eb892e4ff'),
 ('18', NULL, 'm150827_000000_element_index_settings', '2016-07-12 17:59:26', '2016-07-12 17:59:27', '2016-07-12 17:59:27', '5118741b-ae38-4550-b776-e8c07384a013'),
 ('19', NULL, 'm150918_000001_add_colspan_to_widgets', '2016-07-12 17:59:26', '2016-07-12 17:59:27', '2016-07-12 17:59:27', '55c2286e-34a1-4858-b3d9-93a6f8a4bca4'),
 ('20', NULL, 'm151007_000000_clear_asset_caches', '2016-07-12 17:59:26', '2016-07-12 17:59:27', '2016-07-12 17:59:27', 'f22aa621-201f-4530-9063-d45e3f5287eb'),
 ('21', NULL, 'm151109_000000_text_url_formats', '2016-07-12 17:59:26', '2016-07-12 17:59:27', '2016-07-12 17:59:27', '6dd0d3af-7a98-4823-a1c5-a0486081c21d'),
 ('22', NULL, 'm151110_000000_move_logo', '2016-07-12 17:59:26', '2016-07-12 17:59:27', '2016-07-12 17:59:27', '35c1bfcb-4473-4e8d-86f1-c8dd7e712942'),
 ('23', NULL, 'm151117_000000_adjust_image_widthheight', '2016-07-12 17:59:26', '2016-07-12 17:59:27', '2016-07-12 17:59:27', '84f742d6-5f3a-4afe-88d9-e75ae2f38870'),
 ('24', NULL, 'm151127_000000_clear_license_key_status', '2016-07-12 17:59:26', '2016-07-12 17:59:27', '2016-07-12 17:59:27', '7f0c5563-d1ce-4e38-903d-e361d9e09b6c'),
 ('25', NULL, 'm151127_000000_plugin_license_keys', '2016-07-12 17:59:26', '2016-07-12 17:59:27', '2016-07-12 17:59:27', 'a9d64f5f-09b4-411d-94f9-e7a98b45f3a1'),
 ('26', NULL, 'm151130_000000_update_pt_widget_feeds', '2016-07-12 17:59:26', '2016-07-12 17:59:27', '2016-07-12 17:59:27', '9653f5fa-8a95-4d02-91be-3fe3a228bc7f'),
 ('27', NULL, 'm160114_000000_asset_sources_public_url_default_true', '2016-07-12 17:59:26', '2016-07-12 17:59:27', '2016-07-12 17:59:27', 'cf63389d-1afc-4b5b-aed1-587ce6f0758b'),
 ('28', NULL, 'm160223_000000_sortorder_to_smallint', '2016-07-12 17:59:26', '2016-07-12 17:59:28', '2016-07-12 17:59:28', '88473089-441d-459f-956a-28beda31cb26'),
 ('29', NULL, 'm160229_000000_set_default_entry_statuses', '2016-07-12 17:59:26', '2016-07-12 17:59:28', '2016-07-12 17:59:28', '8e538595-5e77-49ca-b0f4-1dceb32fca79'),
 ('30', NULL, 'm160304_000000_client_permissions', '2016-07-12 17:59:26', '2016-07-12 17:59:28', '2016-07-12 17:59:28', '781b0522-a2cf-4c1d-9c6f-8a7ef440137f'),
 ('31', NULL, 'm160322_000000_asset_filesize', '2016-07-12 17:59:26', '2016-07-12 17:59:28', '2016-07-12 17:59:28', '16fe73d7-e385-4aa4-b4be-96c959d4d5c0'),
 ('32', NULL, 'm160503_000000_orphaned_fieldlayouts', '2016-07-12 17:59:26', '2016-07-12 17:59:28', '2016-07-12 17:59:28', '09d60cf5-41bf-4355-967e-860367922f96'),
 ('33', NULL, 'm160510_000000_tasksettings', '2016-07-12 17:59:26', '2016-07-12 17:59:28', '2016-07-12 17:59:28', 'ab54e28a-e794-4dad-bda0-b81245514022');



DROP TABLE IF EXISTS `craft_plugins`;


--
-- Schema for table `craft_plugins`
--
CREATE TABLE `craft_plugins` (
  `id` int(11) NOT NULL AUTO_INCREMENT,
  `class` varchar(150) COLLATE utf8_unicode_ci NOT NULL,
  `version` varchar(15) COLLATE utf8_unicode_ci NOT NULL,
  `schemaVersion` varchar(15) COLLATE utf8_unicode_ci DEFAULT NULL,
  `licenseKey` char(24) COLLATE utf8_unicode_ci DEFAULT NULL,
  `licenseKeyStatus` enum('valid','invalid','mismatched','unknown') COLLATE utf8_unicode_ci NOT NULL DEFAULT 'unknown',
  `enabled` tinyint(1) unsigned NOT NULL DEFAULT '0',
  `settings` text COLLATE utf8_unicode_ci,
  `installDate` datetime NOT NULL,
  `dateCreated` datetime NOT NULL,
  `dateUpdated` datetime NOT NULL,
  `uid` char(36) COLLATE utf8_unicode_ci NOT NULL DEFAULT '0',
  PRIMARY KEY (`id`)
) ENGINE=InnoDB AUTO_INCREMENT=2 DEFAULT CHARSET=utf8 COLLATE=utf8_unicode_ci;

--
-- Data for table `craft_plugins`
--

INSERT INTO `craft_plugins` (`id`, `class`, `version`, `schemaVersion`, `licenseKey`, `licenseKeyStatus`, `enabled`, `settings`, `installDate`, `dateCreated`, `dateUpdated`, `uid`) VALUES
 ('1', 'FieldManager', '1.5.0', '1.0.0', NULL, 'unknown', '1', NULL, '2016-07-12 18:00:05', '2016-07-12 18:00:05', '2016-07-21 18:47:07', '65345799-2702-4cf6-a383-35412fd93e4e');



DROP TABLE IF EXISTS `craft_rackspaceaccess`;


--
-- Schema for table `craft_rackspaceaccess`
--
CREATE TABLE `craft_rackspaceaccess` (
  `id` int(11) NOT NULL AUTO_INCREMENT,
  `connectionKey` varchar(255) COLLATE utf8_unicode_ci NOT NULL,
  `token` varchar(255) COLLATE utf8_unicode_ci NOT NULL,
  `storageUrl` varchar(255) COLLATE utf8_unicode_ci NOT NULL,
  `cdnUrl` varchar(255) COLLATE utf8_unicode_ci NOT NULL,
  `dateCreated` datetime NOT NULL,
  `dateUpdated` datetime NOT NULL,
  `uid` char(36) COLLATE utf8_unicode_ci NOT NULL DEFAULT '0',
  PRIMARY KEY (`id`),
  UNIQUE KEY `craft_rackspaceaccess_connectionKey_unq_idx` (`connectionKey`)
) ENGINE=InnoDB DEFAULT CHARSET=utf8 COLLATE=utf8_unicode_ci;

DROP TABLE IF EXISTS `craft_relations`;


--
-- Schema for table `craft_relations`
--
CREATE TABLE `craft_relations` (
  `id` int(11) NOT NULL AUTO_INCREMENT,
  `fieldId` int(11) NOT NULL,
  `sourceId` int(11) NOT NULL,
  `sourceLocale` char(12) COLLATE utf8_unicode_ci DEFAULT NULL,
  `targetId` int(11) NOT NULL,
  `sortOrder` smallint(6) DEFAULT NULL,
  `dateCreated` datetime NOT NULL,
  `dateUpdated` datetime NOT NULL,
  `uid` char(36) COLLATE utf8_unicode_ci NOT NULL DEFAULT '0',
  PRIMARY KEY (`id`),
  UNIQUE KEY `craft_relations_fieldId_sourceId_sourceLocale_targetId_unq_idx` (`fieldId`,`sourceId`,`sourceLocale`,`targetId`),
  KEY `craft_relations_sourceId_fk` (`sourceId`),
  KEY `craft_relations_sourceLocale_fk` (`sourceLocale`),
  KEY `craft_relations_targetId_fk` (`targetId`)
) ENGINE=InnoDB AUTO_INCREMENT=7 DEFAULT CHARSET=utf8 COLLATE=utf8_unicode_ci;

--
-- Data for table `craft_relations`
--

INSERT INTO `craft_relations` (`id`, `fieldId`, `sourceId`, `sourceLocale`, `targetId`, `sortOrder`, `dateCreated`, `dateUpdated`, `uid`) VALUES
 ('1', '3', '6', NULL, '4', '1', '2016-07-12 18:06:40', '2016-07-12 18:06:40', 'eb5186e3-c9ab-491f-a5f3-81e0c5b85a30'),
 ('2', '3', '6', NULL, '5', '2', '2016-07-12 18:06:40', '2016-07-12 18:06:40', 'c9c0e8a1-61ae-448c-8372-b0565d00060b'),
 ('3', '3', '12', NULL, '4', '1', '2016-07-12 20:21:32', '2016-07-12 20:21:32', '272a94e4-c28d-4ec7-a897-cc6396b5af5e'),
 ('4', '3', '12', NULL, '5', '2', '2016-07-12 20:21:32', '2016-07-12 20:21:32', '1a124750-95fd-47bd-b1de-b505ac842b2b'),
 ('5', '3', '25', NULL, '4', '1', '2016-07-14 05:56:42', '2016-07-14 05:56:42', '2c0b53f2-4273-496f-802b-7cbe19bebb28'),
 ('6', '3', '25', NULL, '5', '2', '2016-07-14 05:56:42', '2016-07-14 05:56:42', '247d7e8c-e71c-4f1c-9876-ae19aeda1c6f');



DROP TABLE IF EXISTS `craft_routes`;


--
-- Schema for table `craft_routes`
--
CREATE TABLE `craft_routes` (
  `id` int(11) NOT NULL AUTO_INCREMENT,
  `locale` char(12) COLLATE utf8_unicode_ci DEFAULT NULL,
  `urlParts` varchar(255) COLLATE utf8_unicode_ci NOT NULL,
  `urlPattern` varchar(255) COLLATE utf8_unicode_ci NOT NULL,
  `template` varchar(255) COLLATE utf8_unicode_ci NOT NULL,
  `sortOrder` smallint(6) unsigned DEFAULT NULL,
  `dateCreated` datetime NOT NULL,
  `dateUpdated` datetime NOT NULL,
  `uid` char(36) COLLATE utf8_unicode_ci NOT NULL DEFAULT '0',
  PRIMARY KEY (`id`),
  UNIQUE KEY `craft_routes_urlPattern_unq_idx` (`urlPattern`),
  KEY `craft_routes_locale_idx` (`locale`)
) ENGINE=InnoDB DEFAULT CHARSET=utf8 COLLATE=utf8_unicode_ci;

DROP TABLE IF EXISTS `craft_searchindex`;


--
-- Schema for table `craft_searchindex`
--
CREATE TABLE `craft_searchindex` (
  `elementId` int(11) NOT NULL,
  `attribute` varchar(25) COLLATE utf8_unicode_ci NOT NULL,
  `fieldId` int(11) NOT NULL,
  `locale` char(12) COLLATE utf8_unicode_ci NOT NULL,
  `keywords` text COLLATE utf8_unicode_ci NOT NULL,
  PRIMARY KEY (`elementId`,`attribute`,`fieldId`,`locale`),
  FULLTEXT KEY `craft_searchindex_keywords_idx` (`keywords`)
) ENGINE=MyISAM DEFAULT CHARSET=utf8 COLLATE=utf8_unicode_ci;

--
-- Data for table `craft_searchindex`
--

INSERT INTO `craft_searchindex` (`elementId`, `attribute`, `fieldId`, `locale`, `keywords`) VALUES
 ('1', 'username', '0', 'en_us', ' chrsgrffth '),
 ('1', 'firstname', '0', 'en_us', ' chris '),
 ('1', 'lastname', '0', 'en_us', ' griffith '),
 ('1', 'fullname', '0', 'en_us', ' chris griffith '),
 ('1', 'email', '0', 'en_us', ' chris octop us '),
 ('1', 'slug', '0', 'en_us', ''),
 ('2', 'slug', '0', 'en_us', ' homepage '),
 ('2', 'title', '0', 'en_us', ' welcome to playbook octopus dev '),
 ('2', 'field', '1', 'en_us', ' it s true this site doesn t have a whole lot of content yet but don t worry our web developers have just installed the cms and they re setting things up for the content editors this very moment soon playbook octopus dev will be an oasis of fresh perspectives sharp analyses and astute opinions that will keep you coming back again and again '),
 ('6', 'field', '1', 'en_us', ''),
 ('6', 'field', '3', 'en_us', ' content management craft '),
 ('6', 'field', '2', 'en_us', ''),
 ('6', 'slug', '0', 'en_us', ' removing index php from urls '),
 ('6', 'title', '0', 'en_us', ' removing index php from urls '),
 ('7', 'slug', '0', 'en_us', ' javascript '),
 ('7', 'title', '0', 'en_us', ' javascript '),
 ('8', 'slug', '0', 'en_us', ' vue js '),
 ('8', 'title', '0', 'en_us', ' vue js '),
 ('5', 'title', '0', 'en_us', ' craft '),
 ('5', 'slug', '0', 'en_us', ' craft '),
 ('4', 'slug', '0', 'en_us', ' content management '),
 ('4', 'title', '0', 'en_us', ' content management '),
 ('9', 'slug', '0', 'en_us', ' ecommerce '),
 ('9', 'title', '0', 'en_us', ' ecommerce '),
 ('10', 'slug', '0', 'en_us', ' shopify '),
 ('10', 'title', '0', 'en_us', ' shopify '),
 ('11', 'slug', '0', 'en_us', ' craft commerce '),
 ('11', 'title', '0', 'en_us', ' craft commerce '),
 ('12', 'field', '1', 'en_us', ' sudo chmod r 777 craft app craft config '),
 ('12', 'field', '3', 'en_us', ' content management craft '),
 ('12', 'field', '2', 'en_us', ''),
 ('12', 'slug', '0', 'en_us', ' craft permissions '),
 ('12', 'title', '0', 'en_us', ' craft permissions '),
 ('13', 'slug', '0', 'en_us', ' ruby '),
 ('13', 'title', '0', 'en_us', ' ruby '),
 ('14', 'slug', '0', 'en_us', ' rails '),
 ('14', 'title', '0', 'en_us', ' rails '),
 ('15', 'slug', '0', 'en_us', ' rake '),
 ('15', 'title', '0', 'en_us', ' rake '),
 ('16', 'slug', '0', 'en_us', ' elixir '),
 ('16', 'title', '0', 'en_us', ' elixir '),
 ('17', 'slug', '0', 'en_us', ' phoenix '),
 ('17', 'title', '0', 'en_us', ' phoenix '),
 ('18', 'slug', '0', 'en_us', ' mix '),
 ('18', 'title', '0', 'en_us', ' mix '),
 ('19', 'slug', '0', 'en_us', ' devops '),
 ('19', 'title', '0', 'en_us', ' devops '),
 ('20', 'slug', '0', 'en_us', ' forge '),
 ('20', 'title', '0', 'en_us', ' forge '),
 ('21', 'slug', '0', 'en_us', ' docker '),
 ('21', 'title', '0', 'en_us', ' docker '),
 ('22', 'slug', '0', 'en_us', ' heroku '),
 ('22', 'title', '0', 'en_us', ' heroku '),
 ('23', 'slug', '0', 'en_us', ' digital ocean '),
 ('23', 'title', '0', 'en_us', ' digital ocean '),
 ('24', 'slug', '0', 'en_us', ' statamic '),
 ('24', 'title', '0', 'en_us', ' statamic '),
 ('25', 'field', '1', 'en_us', ' you may encounter this lovely message when first configuring a craft site on a new server despite its looks it s a quick fix could not find your craft folder please ensure that $craftpath is set correctly sudo chown r sudo_user www data var www craftsource stackoverflow '),
 ('25', 'field', '3', 'en_us', ' content management craft '),
 ('25', 'field', '2', 'en_us', ''),
 ('25', 'slug', '0', 'en_us', ' could not find your craft folder please ensure that craftpath is set correctly '),
 ('25', 'title', '0', 'en_us', ' ​could not find your craft folder please ensure that $craftpath is set correctly​ ');



DROP TABLE IF EXISTS `craft_sections`;


--
-- Schema for table `craft_sections`
--
CREATE TABLE `craft_sections` (
  `id` int(11) NOT NULL AUTO_INCREMENT,
  `structureId` int(11) DEFAULT NULL,
  `name` varchar(255) COLLATE utf8_unicode_ci NOT NULL,
  `handle` varchar(255) COLLATE utf8_unicode_ci NOT NULL,
  `type` enum('single','channel','structure') COLLATE utf8_unicode_ci NOT NULL DEFAULT 'channel',
  `hasUrls` tinyint(1) unsigned NOT NULL DEFAULT '1',
  `template` varchar(500) COLLATE utf8_unicode_ci DEFAULT NULL,
  `enableVersioning` tinyint(1) unsigned NOT NULL DEFAULT '0',
  `dateCreated` datetime NOT NULL,
  `dateUpdated` datetime NOT NULL,
  `uid` char(36) COLLATE utf8_unicode_ci NOT NULL DEFAULT '0',
  PRIMARY KEY (`id`),
  UNIQUE KEY `craft_sections_name_unq_idx` (`name`),
  UNIQUE KEY `craft_sections_handle_unq_idx` (`handle`),
  KEY `craft_sections_structureId_fk` (`structureId`)
) ENGINE=InnoDB AUTO_INCREMENT=4 DEFAULT CHARSET=utf8 COLLATE=utf8_unicode_ci;

--
-- Data for table `craft_sections`
--

INSERT INTO `craft_sections` (`id`, `structureId`, `name`, `handle`, `type`, `hasUrls`, `template`, `enableVersioning`, `dateCreated`, `dateUpdated`, `uid`) VALUES
 ('1', NULL, 'Homepage', 'homepage', 'single', '1', 'index', '1', '2016-07-12 17:59:30', '2016-07-12 17:59:30', '3dffe1e4-bb1a-43a8-b0db-0059f3117c5b'),
 ('3', '2', 'Docs', 'docs', 'structure', '1', 'topics/_entry', '1', '2016-07-12 18:02:59', '2016-07-20 00:50:54', '6bf150a9-7040-4465-aa44-a8c2b1f34189');



DROP TABLE IF EXISTS `craft_sections_i18n`;


--
-- Schema for table `craft_sections_i18n`
--
CREATE TABLE `craft_sections_i18n` (
  `id` int(11) NOT NULL AUTO_INCREMENT,
  `sectionId` int(11) NOT NULL,
  `locale` char(12) COLLATE utf8_unicode_ci NOT NULL,
  `enabledByDefault` tinyint(1) unsigned NOT NULL DEFAULT '1',
  `urlFormat` text COLLATE utf8_unicode_ci,
  `nestedUrlFormat` text COLLATE utf8_unicode_ci,
  `dateCreated` datetime NOT NULL,
  `dateUpdated` datetime NOT NULL,
  `uid` char(36) COLLATE utf8_unicode_ci NOT NULL DEFAULT '0',
  PRIMARY KEY (`id`),
  UNIQUE KEY `craft_sections_i18n_sectionId_locale_unq_idx` (`sectionId`,`locale`),
  KEY `craft_sections_i18n_locale_fk` (`locale`)
) ENGINE=InnoDB AUTO_INCREMENT=4 DEFAULT CHARSET=utf8 COLLATE=utf8_unicode_ci;

--
-- Data for table `craft_sections_i18n`
--

INSERT INTO `craft_sections_i18n` (`id`, `sectionId`, `locale`, `enabledByDefault`, `urlFormat`, `nestedUrlFormat`, `dateCreated`, `dateUpdated`, `uid`) VALUES
 ('1', '1', 'en_us', '1', '__home__', NULL, '2016-07-12 17:59:30', '2016-07-12 17:59:30', 'c364c915-5e5d-45b7-8f84-12fac8538c5b'),
 ('3', '3', 'en_us', '1', '{category.first.slug}/{category.last.slug}/{slug}', '{parent.uri}/{slug}', '2016-07-12 18:02:59', '2016-07-20 00:50:55', '18899e2b-23cf-4a2b-89ac-5045e530d3c6');



DROP TABLE IF EXISTS `craft_sessions`;


--
-- Schema for table `craft_sessions`
--
CREATE TABLE `craft_sessions` (
  `id` int(11) NOT NULL AUTO_INCREMENT,
  `userId` int(11) NOT NULL,
  `token` char(100) COLLATE utf8_unicode_ci NOT NULL,
  `dateCreated` datetime NOT NULL,
  `dateUpdated` datetime NOT NULL,
  `uid` char(36) COLLATE utf8_unicode_ci NOT NULL DEFAULT '0',
  PRIMARY KEY (`id`),
  KEY `craft_sessions_uid_idx` (`uid`),
  KEY `craft_sessions_token_idx` (`token`),
  KEY `craft_sessions_dateUpdated_idx` (`dateUpdated`),
  KEY `craft_sessions_userId_fk` (`userId`)
) ENGINE=InnoDB AUTO_INCREMENT=9 DEFAULT CHARSET=utf8 COLLATE=utf8_unicode_ci;

DROP TABLE IF EXISTS `craft_shunnedmessages`;


--
-- Schema for table `craft_shunnedmessages`
--
CREATE TABLE `craft_shunnedmessages` (
  `id` int(11) NOT NULL AUTO_INCREMENT,
  `userId` int(11) NOT NULL,
  `message` varchar(255) COLLATE utf8_unicode_ci NOT NULL,
  `expiryDate` datetime DEFAULT NULL,
  `dateCreated` datetime NOT NULL,
  `dateUpdated` datetime NOT NULL,
  `uid` char(36) COLLATE utf8_unicode_ci NOT NULL DEFAULT '0',
  PRIMARY KEY (`id`),
  UNIQUE KEY `craft_shunnedmessages_userId_message_unq_idx` (`userId`,`message`)
) ENGINE=InnoDB DEFAULT CHARSET=utf8 COLLATE=utf8_unicode_ci;

DROP TABLE IF EXISTS `craft_structureelements`;


--
-- Schema for table `craft_structureelements`
--
CREATE TABLE `craft_structureelements` (
  `id` int(11) NOT NULL AUTO_INCREMENT,
  `structureId` int(11) NOT NULL,
  `elementId` int(11) DEFAULT NULL,
  `root` int(11) unsigned DEFAULT NULL,
  `lft` int(11) unsigned NOT NULL,
  `rgt` int(11) unsigned NOT NULL,
  `level` smallint(6) unsigned NOT NULL,
  `dateCreated` datetime NOT NULL,
  `dateUpdated` datetime NOT NULL,
  `uid` char(36) COLLATE utf8_unicode_ci NOT NULL DEFAULT '0',
  PRIMARY KEY (`id`),
  UNIQUE KEY `craft_structureelements_structureId_elementId_unq_idx` (`structureId`,`elementId`),
  KEY `craft_structureelements_root_idx` (`root`),
  KEY `craft_structureelements_lft_idx` (`lft`),
  KEY `craft_structureelements_rgt_idx` (`rgt`),
  KEY `craft_structureelements_level_idx` (`level`),
  KEY `craft_structureelements_elementId_fk` (`elementId`)
) ENGINE=InnoDB AUTO_INCREMENT=25 DEFAULT CHARSET=utf8 COLLATE=utf8_unicode_ci;

--
-- Data for table `craft_structureelements`
--

INSERT INTO `craft_structureelements` (`id`, `structureId`, `elementId`, `root`, `lft`, `rgt`, `level`, `dateCreated`, `dateUpdated`, `uid`) VALUES
 ('1', '1', NULL, '1', '1', '40', '0', '2016-07-12 18:02:20', '2016-07-12 18:02:20', 'a7fc1d1b-8c93-4598-b966-47385a512127'),
 ('2', '1', '4', '1', '2', '7', '1', '2016-07-12 18:02:20', '2016-07-12 18:02:20', '406d1325-2778-433a-b467-51117198fe2d'),
 ('3', '1', '5', '1', '3', '4', '2', '2016-07-12 18:05:57', '2016-07-12 18:05:57', 'da9ded95-0246-4579-8356-c15f2dee68f0'),
 ('4', '2', NULL, '4', '1', '8', '0', '2016-07-12 18:06:40', '2016-07-12 18:06:40', 'c26eafe9-25c5-4ecb-b5ff-8430bf85bbbd'),
 ('5', '2', '6', '4', '4', '5', '1', '2016-07-12 18:06:40', '2016-07-12 18:06:40', '7e99ba39-d01a-43d8-a003-990345170f4f'),
 ('6', '1', '7', '1', '8', '11', '1', '2016-07-12 19:03:37', '2016-07-12 19:03:37', '12933564-5360-4e05-a38d-ed6d6a2b8528'),
 ('7', '1', '8', '1', '9', '10', '2', '2016-07-12 19:04:22', '2016-07-12 19:04:22', '3d90f71a-8ad3-43e5-8eba-b57efa344677'),
 ('8', '1', '9', '1', '12', '17', '1', '2016-07-12 19:09:34', '2016-07-12 19:09:34', 'e42f2b89-e1e9-4689-a6b2-3dabfe494f49'),
 ('9', '1', '10', '1', '13', '14', '2', '2016-07-12 19:09:43', '2016-07-12 19:09:43', 'a6e09170-f725-4c8d-b02f-32e87e4bd5bc'),
 ('10', '1', '11', '1', '15', '16', '2', '2016-07-12 19:09:49', '2016-07-12 19:09:49', '3e74e60f-095e-4278-8406-0e785e360bcd'),
 ('11', '2', '12', '4', '2', '3', '1', '2016-07-12 20:21:32', '2016-07-12 20:21:32', '9e0b1875-aafa-459a-8e8f-3665f318f012'),
 ('12', '1', '13', '1', '18', '23', '1', '2016-07-12 21:23:45', '2016-07-12 21:23:45', '172448c5-3694-4531-a4d9-84e76fb192eb'),
 ('13', '1', '14', '1', '19', '20', '2', '2016-07-12 21:23:54', '2016-07-12 21:23:54', '3d3245ae-fa3c-43d4-a0b1-3213234ee628'),
 ('14', '1', '15', '1', '21', '22', '2', '2016-07-12 21:24:00', '2016-07-12 21:24:00', '14272b16-289d-48cf-997c-5f8a29fcda61'),
 ('15', '1', '16', '1', '24', '29', '1', '2016-07-12 21:24:12', '2016-07-12 21:24:12', 'e4018de2-5b0e-42d0-9e96-faa0825e0947'),
 ('16', '1', '17', '1', '25', '26', '2', '2016-07-12 21:24:28', '2016-07-12 21:24:28', 'b7225fbf-b964-4d4b-922a-b1d76228dbaa'),
 ('17', '1', '18', '1', '27', '28', '2', '2016-07-12 21:24:34', '2016-07-12 21:24:34', '98d08908-cdd6-49af-b19f-d14f5d97959d'),
 ('18', '1', '19', '1', '30', '39', '1', '2016-07-12 21:25:18', '2016-07-12 21:25:18', 'be029e64-12ce-4a5f-96ba-8f1443df763f'),
 ('19', '1', '20', '1', '31', '32', '2', '2016-07-12 21:25:32', '2016-07-12 21:25:32', '5182b465-0cbb-4394-a2de-8627d03594ca'),
 ('20', '1', '21', '1', '33', '34', '2', '2016-07-12 21:25:41', '2016-07-12 21:25:41', '5de23701-38fd-4384-a837-9c62f479b54f'),
 ('21', '1', '22', '1', '35', '36', '2', '2016-07-12 21:25:54', '2016-07-12 21:25:54', '216cecc4-6da0-4413-b141-ef8edab097c7'),
 ('22', '1', '23', '1', '37', '38', '2', '2016-07-12 21:26:00', '2016-07-12 21:26:00', '45e7e628-a611-44e4-9b23-f29e200c14a3'),
 ('23', '1', '24', '1', '5', '6', '2', '2016-07-12 21:37:21', '2016-07-12 21:37:21', 'f380e6d8-cc38-4d62-8734-4d2701b0537f'),
 ('24', '2', '25', '4', '6', '7', '1', '2016-07-14 05:56:42', '2016-07-14 05:56:42', '7d397364-8d9f-45e1-8cc9-aba586bc3c37');



DROP TABLE IF EXISTS `craft_structures`;


--
-- Schema for table `craft_structures`
--
CREATE TABLE `craft_structures` (
  `id` int(11) NOT NULL AUTO_INCREMENT,
  `maxLevels` smallint(6) unsigned DEFAULT NULL,
  `dateCreated` datetime NOT NULL,
  `dateUpdated` datetime NOT NULL,
  `uid` char(36) COLLATE utf8_unicode_ci NOT NULL DEFAULT '0',
  PRIMARY KEY (`id`)
) ENGINE=InnoDB AUTO_INCREMENT=3 DEFAULT CHARSET=utf8 COLLATE=utf8_unicode_ci;

--
-- Data for table `craft_structures`
--

INSERT INTO `craft_structures` (`id`, `maxLevels`, `dateCreated`, `dateUpdated`, `uid`) VALUES
 ('1', '2', '2016-07-12 18:02:06', '2016-07-12 20:44:49', 'a1f51ecc-0eac-4ab0-bad1-20b55cb54cbe'),
 ('2', NULL, '2016-07-12 18:02:59', '2016-07-20 00:50:54', 'b7a348fb-88ab-4eb6-a5e6-af9e7046d59b');



DROP TABLE IF EXISTS `craft_systemsettings`;


--
-- Schema for table `craft_systemsettings`
--
CREATE TABLE `craft_systemsettings` (
  `id` int(11) NOT NULL AUTO_INCREMENT,
  `category` varchar(15) COLLATE utf8_unicode_ci NOT NULL,
  `settings` text COLLATE utf8_unicode_ci,
  `dateCreated` datetime NOT NULL,
  `dateUpdated` datetime NOT NULL,
  `uid` char(36) COLLATE utf8_unicode_ci NOT NULL DEFAULT '0',
  PRIMARY KEY (`id`),
  UNIQUE KEY `craft_systemsettings_category_unq_idx` (`category`)
) ENGINE=InnoDB AUTO_INCREMENT=2 DEFAULT CHARSET=utf8 COLLATE=utf8_unicode_ci;

--
-- Data for table `craft_systemsettings`
--

INSERT INTO `craft_systemsettings` (`id`, `category`, `settings`, `dateCreated`, `dateUpdated`, `uid`) VALUES
 ('1', 'email', '{\"protocol\":\"php\",\"emailAddress\":\"chris@octop.us\",\"senderName\":\"Playbook by Octopus\"}', '2016-07-12 17:59:30', '2016-07-12 17:59:30', '338ed09b-6e30-4998-8286-71e515027c9b');



DROP TABLE IF EXISTS `craft_taggroups`;


--
-- Schema for table `craft_taggroups`
--
CREATE TABLE `craft_taggroups` (
  `id` int(11) NOT NULL AUTO_INCREMENT,
  `name` varchar(255) COLLATE utf8_unicode_ci NOT NULL,
  `handle` varchar(255) COLLATE utf8_unicode_ci NOT NULL,
  `fieldLayoutId` int(10) DEFAULT NULL,
  `dateCreated` datetime NOT NULL,
  `dateUpdated` datetime NOT NULL,
  `uid` char(36) COLLATE utf8_unicode_ci NOT NULL DEFAULT '0',
  PRIMARY KEY (`id`),
  UNIQUE KEY `craft_taggroups_name_unq_idx` (`name`),
  UNIQUE KEY `craft_taggroups_handle_unq_idx` (`handle`),
  KEY `craft_taggroups_fieldLayoutId_fk` (`fieldLayoutId`)
) ENGINE=InnoDB AUTO_INCREMENT=2 DEFAULT CHARSET=utf8 COLLATE=utf8_unicode_ci;

--
-- Data for table `craft_taggroups`
--

INSERT INTO `craft_taggroups` (`id`, `name`, `handle`, `fieldLayoutId`, `dateCreated`, `dateUpdated`, `uid`) VALUES
 ('1', 'Default', 'default', '1', '2016-07-12 17:59:30', '2016-07-12 17:59:30', 'b5c7a888-a6a4-4787-b691-1d088a558873');



DROP TABLE IF EXISTS `craft_tags`;


--
-- Schema for table `craft_tags`
--
CREATE TABLE `craft_tags` (
  `id` int(11) NOT NULL,
  `groupId` int(11) NOT NULL,
  `dateCreated` datetime NOT NULL,
  `dateUpdated` datetime NOT NULL,
  `uid` char(36) COLLATE utf8_unicode_ci NOT NULL DEFAULT '0',
  PRIMARY KEY (`id`),
  KEY `craft_tags_groupId_fk` (`groupId`)
) ENGINE=InnoDB DEFAULT CHARSET=utf8 COLLATE=utf8_unicode_ci;

DROP TABLE IF EXISTS `craft_tasks`;


--
-- Schema for table `craft_tasks`
--
CREATE TABLE `craft_tasks` (
  `id` int(11) NOT NULL AUTO_INCREMENT,
  `root` int(11) unsigned DEFAULT NULL,
  `lft` int(11) unsigned NOT NULL,
  `rgt` int(11) unsigned NOT NULL,
  `level` smallint(6) unsigned NOT NULL,
  `currentStep` int(11) unsigned DEFAULT NULL,
  `totalSteps` int(11) unsigned DEFAULT NULL,
  `status` enum('pending','error','running') COLLATE utf8_unicode_ci DEFAULT NULL,
  `type` varchar(150) COLLATE utf8_unicode_ci NOT NULL,
  `description` varchar(255) COLLATE utf8_unicode_ci DEFAULT NULL,
  `settings` mediumtext COLLATE utf8_unicode_ci,
  `dateCreated` datetime NOT NULL,
  `dateUpdated` datetime NOT NULL,
  `uid` char(36) COLLATE utf8_unicode_ci NOT NULL DEFAULT '0',
  PRIMARY KEY (`id`),
  KEY `craft_tasks_root_idx` (`root`),
  KEY `craft_tasks_lft_idx` (`lft`),
  KEY `craft_tasks_rgt_idx` (`rgt`),
  KEY `craft_tasks_level_idx` (`level`)
) ENGINE=InnoDB AUTO_INCREMENT=116 DEFAULT CHARSET=utf8 COLLATE=utf8_unicode_ci;

DROP TABLE IF EXISTS `craft_templatecachecriteria`;


--
-- Schema for table `craft_templatecachecriteria`
--
CREATE TABLE `craft_templatecachecriteria` (
  `id` int(11) NOT NULL AUTO_INCREMENT,
  `cacheId` int(11) NOT NULL,
  `type` varchar(150) COLLATE utf8_unicode_ci NOT NULL,
  `criteria` text COLLATE utf8_unicode_ci NOT NULL,
  PRIMARY KEY (`id`),
  KEY `craft_templatecachecriteria_cacheId_fk` (`cacheId`),
  KEY `craft_templatecachecriteria_type_idx` (`type`)
) ENGINE=InnoDB DEFAULT CHARSET=utf8 COLLATE=utf8_unicode_ci;

DROP TABLE IF EXISTS `craft_templatecacheelements`;


--
-- Schema for table `craft_templatecacheelements`
--
CREATE TABLE `craft_templatecacheelements` (
  `cacheId` int(11) NOT NULL,
  `elementId` int(11) NOT NULL,
  KEY `craft_templatecacheelements_cacheId_fk` (`cacheId`),
  KEY `craft_templatecacheelements_elementId_fk` (`elementId`)
) ENGINE=InnoDB DEFAULT CHARSET=utf8 COLLATE=utf8_unicode_ci;

DROP TABLE IF EXISTS `craft_templatecaches`;


--
-- Schema for table `craft_templatecaches`
--
CREATE TABLE `craft_templatecaches` (
  `id` int(11) NOT NULL AUTO_INCREMENT,
  `cacheKey` varchar(255) COLLATE utf8_unicode_ci NOT NULL,
  `locale` char(12) COLLATE utf8_unicode_ci NOT NULL,
  `path` varchar(255) COLLATE utf8_unicode_ci DEFAULT NULL,
  `expiryDate` datetime NOT NULL,
  `body` mediumtext COLLATE utf8_unicode_ci NOT NULL,
  PRIMARY KEY (`id`),
  KEY `craft_templatecaches_expiryDate_cacheKey_locale_path_idx` (`expiryDate`,`cacheKey`,`locale`,`path`),
  KEY `craft_templatecaches_locale_fk` (`locale`)
) ENGINE=InnoDB DEFAULT CHARSET=utf8 COLLATE=utf8_unicode_ci;

DROP TABLE IF EXISTS `craft_tokens`;


--
-- Schema for table `craft_tokens`
--
CREATE TABLE `craft_tokens` (
  `id` int(11) NOT NULL AUTO_INCREMENT,
  `token` char(32) COLLATE utf8_unicode_ci NOT NULL,
  `route` text COLLATE utf8_unicode_ci,
  `usageLimit` tinyint(3) unsigned DEFAULT NULL,
  `usageCount` tinyint(3) unsigned DEFAULT NULL,
  `expiryDate` datetime NOT NULL,
  `dateCreated` datetime NOT NULL,
  `dateUpdated` datetime NOT NULL,
  `uid` char(36) COLLATE utf8_unicode_ci NOT NULL DEFAULT '0',
  PRIMARY KEY (`id`),
  UNIQUE KEY `craft_tokens_token_unq_idx` (`token`),
  KEY `craft_tokens_expiryDate_idx` (`expiryDate`)
) ENGINE=InnoDB DEFAULT CHARSET=utf8 COLLATE=utf8_unicode_ci;

DROP TABLE IF EXISTS `craft_usergroups`;


--
-- Schema for table `craft_usergroups`
--
CREATE TABLE `craft_usergroups` (
  `id` int(11) NOT NULL AUTO_INCREMENT,
  `name` varchar(255) COLLATE utf8_unicode_ci NOT NULL,
  `handle` varchar(255) COLLATE utf8_unicode_ci NOT NULL,
  `dateCreated` datetime NOT NULL,
  `dateUpdated` datetime NOT NULL,
  `uid` char(36) COLLATE utf8_unicode_ci NOT NULL DEFAULT '0',
  PRIMARY KEY (`id`)
) ENGINE=InnoDB DEFAULT CHARSET=utf8 COLLATE=utf8_unicode_ci;

DROP TABLE IF EXISTS `craft_usergroups_users`;


--
-- Schema for table `craft_usergroups_users`
--
CREATE TABLE `craft_usergroups_users` (
  `id` int(11) NOT NULL AUTO_INCREMENT,
  `groupId` int(11) NOT NULL,
  `userId` int(11) NOT NULL,
  `dateCreated` datetime NOT NULL,
  `dateUpdated` datetime NOT NULL,
  `uid` char(36) COLLATE utf8_unicode_ci NOT NULL DEFAULT '0',
  PRIMARY KEY (`id`),
  UNIQUE KEY `craft_usergroups_users_groupId_userId_unq_idx` (`groupId`,`userId`),
  KEY `craft_usergroups_users_userId_fk` (`userId`)
) ENGINE=InnoDB DEFAULT CHARSET=utf8 COLLATE=utf8_unicode_ci;

DROP TABLE IF EXISTS `craft_userpermissions`;


--
-- Schema for table `craft_userpermissions`
--
CREATE TABLE `craft_userpermissions` (
  `id` int(11) NOT NULL AUTO_INCREMENT,
  `name` varchar(255) COLLATE utf8_unicode_ci NOT NULL,
  `dateCreated` datetime NOT NULL,
  `dateUpdated` datetime NOT NULL,
  `uid` char(36) COLLATE utf8_unicode_ci NOT NULL DEFAULT '0',
  PRIMARY KEY (`id`),
  UNIQUE KEY `craft_userpermissions_name_unq_idx` (`name`)
) ENGINE=InnoDB DEFAULT CHARSET=utf8 COLLATE=utf8_unicode_ci;

DROP TABLE IF EXISTS `craft_userpermissions_usergroups`;


--
-- Schema for table `craft_userpermissions_usergroups`
--
CREATE TABLE `craft_userpermissions_usergroups` (
  `id` int(11) NOT NULL AUTO_INCREMENT,
  `permissionId` int(11) NOT NULL,
  `groupId` int(11) NOT NULL,
  `dateCreated` datetime NOT NULL,
  `dateUpdated` datetime NOT NULL,
  `uid` char(36) COLLATE utf8_unicode_ci NOT NULL DEFAULT '0',
  PRIMARY KEY (`id`),
  UNIQUE KEY `craft_userpermissions_usergroups_permissionId_groupId_unq_idx` (`permissionId`,`groupId`),
  KEY `craft_userpermissions_usergroups_groupId_fk` (`groupId`)
) ENGINE=InnoDB DEFAULT CHARSET=utf8 COLLATE=utf8_unicode_ci;

DROP TABLE IF EXISTS `craft_userpermissions_users`;


--
-- Schema for table `craft_userpermissions_users`
--
CREATE TABLE `craft_userpermissions_users` (
  `id` int(11) NOT NULL AUTO_INCREMENT,
  `permissionId` int(11) NOT NULL,
  `userId` int(11) NOT NULL,
  `dateCreated` datetime NOT NULL,
  `dateUpdated` datetime NOT NULL,
  `uid` char(36) COLLATE utf8_unicode_ci NOT NULL DEFAULT '0',
  PRIMARY KEY (`id`),
  UNIQUE KEY `craft_userpermissions_users_permissionId_userId_unq_idx` (`permissionId`,`userId`),
  KEY `craft_userpermissions_users_userId_fk` (`userId`)
) ENGINE=InnoDB DEFAULT CHARSET=utf8 COLLATE=utf8_unicode_ci;

DROP TABLE IF EXISTS `craft_users`;


--
-- Schema for table `craft_users`
--
CREATE TABLE `craft_users` (
  `id` int(11) NOT NULL,
  `username` varchar(100) COLLATE utf8_unicode_ci NOT NULL,
  `photo` varchar(100) COLLATE utf8_unicode_ci DEFAULT NULL,
  `firstName` varchar(100) COLLATE utf8_unicode_ci DEFAULT NULL,
  `lastName` varchar(100) COLLATE utf8_unicode_ci DEFAULT NULL,
  `email` varchar(255) COLLATE utf8_unicode_ci NOT NULL,
  `password` char(255) COLLATE utf8_unicode_ci DEFAULT NULL,
  `preferredLocale` char(12) COLLATE utf8_unicode_ci DEFAULT NULL,
  `weekStartDay` tinyint(1) unsigned NOT NULL DEFAULT '0',
  `admin` tinyint(1) unsigned NOT NULL DEFAULT '0',
  `client` tinyint(1) unsigned NOT NULL DEFAULT '0',
  `locked` tinyint(1) unsigned NOT NULL DEFAULT '0',
  `suspended` tinyint(1) unsigned NOT NULL DEFAULT '0',
  `pending` tinyint(1) unsigned NOT NULL DEFAULT '0',
  `archived` tinyint(1) unsigned NOT NULL DEFAULT '0',
  `lastLoginDate` datetime DEFAULT NULL,
  `lastLoginAttemptIPAddress` varchar(45) COLLATE utf8_unicode_ci DEFAULT NULL,
  `invalidLoginWindowStart` datetime DEFAULT NULL,
  `invalidLoginCount` tinyint(4) unsigned DEFAULT NULL,
  `lastInvalidLoginDate` datetime DEFAULT NULL,
  `lockoutDate` datetime DEFAULT NULL,
  `verificationCode` char(100) COLLATE utf8_unicode_ci DEFAULT NULL,
  `verificationCodeIssuedDate` datetime DEFAULT NULL,
  `unverifiedEmail` varchar(255) COLLATE utf8_unicode_ci DEFAULT NULL,
  `passwordResetRequired` tinyint(1) unsigned NOT NULL DEFAULT '0',
  `lastPasswordChangeDate` datetime DEFAULT NULL,
  `dateCreated` datetime NOT NULL,
  `dateUpdated` datetime NOT NULL,
  `uid` char(36) COLLATE utf8_unicode_ci NOT NULL DEFAULT '0',
  PRIMARY KEY (`id`),
  UNIQUE KEY `craft_users_username_unq_idx` (`username`),
  UNIQUE KEY `craft_users_email_unq_idx` (`email`),
  KEY `craft_users_verificationCode_idx` (`verificationCode`),
  KEY `craft_users_uid_idx` (`uid`),
  KEY `craft_users_preferredLocale_fk` (`preferredLocale`)
) ENGINE=InnoDB DEFAULT CHARSET=utf8 COLLATE=utf8_unicode_ci;

--
-- Data for table `craft_users`
--

INSERT INTO `craft_users` (`id`, `username`, `photo`, `firstName`, `lastName`, `email`, `password`, `preferredLocale`, `weekStartDay`, `admin`, `client`, `locked`, `suspended`, `pending`, `archived`, `lastLoginDate`, `lastLoginAttemptIPAddress`, `invalidLoginWindowStart`, `invalidLoginCount`, `lastInvalidLoginDate`, `lockoutDate`, `verificationCode`, `verificationCodeIssuedDate`, `unverifiedEmail`, `passwordResetRequired`, `lastPasswordChangeDate`, `dateCreated`, `dateUpdated`, `uid`) VALUES
 ('1', 'chrsgrffth', NULL, 'Chris', 'Griffith', 'chris@octop.us', '$2y$13$G0h9.oqLBGG/bCfVvcOlSerO4lGjY6n8ZyigZeJLGlm0T6H8VPnYe', NULL, '0', '1', '0', '0', '0', '0', '0', '2016-07-21 18:46:53', '127.0.0.1', NULL, NULL, '2016-07-14 05:53:37', NULL, NULL, NULL, NULL, '0', '2016-07-13 18:36:17', '2016-07-12 17:59:29', '2016-07-21 18:46:53', '29ab0588-da5b-4e14-a8f8-fa0de6d23ea1');



DROP TABLE IF EXISTS `craft_widgets`;


--
-- Schema for table `craft_widgets`
--
CREATE TABLE `craft_widgets` (
  `id` int(11) NOT NULL AUTO_INCREMENT,
  `userId` int(11) NOT NULL,
  `type` varchar(150) COLLATE utf8_unicode_ci NOT NULL,
  `sortOrder` smallint(6) unsigned DEFAULT NULL,
  `colspan` tinyint(4) unsigned DEFAULT NULL,
  `settings` text COLLATE utf8_unicode_ci,
  `enabled` tinyint(1) unsigned NOT NULL DEFAULT '1',
  `dateCreated` datetime NOT NULL,
  `dateUpdated` datetime NOT NULL,
  `uid` char(36) COLLATE utf8_unicode_ci NOT NULL DEFAULT '0',
  PRIMARY KEY (`id`),
  KEY `craft_widgets_userId_fk` (`userId`)
) ENGINE=InnoDB AUTO_INCREMENT=7 DEFAULT CHARSET=utf8 COLLATE=utf8_unicode_ci;

--
-- Data for table `craft_widgets`
--

INSERT INTO `craft_widgets` (`id`, `userId`, `type`, `sortOrder`, `colspan`, `settings`, `enabled`, `dateCreated`, `dateUpdated`, `uid`) VALUES
 ('1', '1', 'RecentEntries', '1', NULL, NULL, '0', '2016-07-12 17:59:34', '2016-07-12 17:59:43', 'a34bd675-698f-470e-874d-6f1a7a04e157'),
 ('2', '1', 'GetHelp', '2', NULL, NULL, '0', '2016-07-12 17:59:34', '2016-07-12 17:59:45', '5f9c9a95-001a-4fe9-8204-85b3fe388612'),
 ('3', '1', 'Updates', '3', NULL, NULL, '0', '2016-07-12 17:59:34', '2016-07-12 17:59:46', '5d083204-38d1-435a-b7ec-715f03fe7a5f'),
 ('4', '1', 'Feed', '4', NULL, '{\"url\":\"https:\\/\\/craftcms.com\\/news.rss\",\"title\":\"Craft News\"}', '0', '2016-07-12 17:59:34', '2016-07-12 17:59:48', 'f99ccaeb-befb-4fec-a47a-79ad8c27553a'),
 ('5', '1', 'RecentEntries', '5', '4', '{\"section\":\"*\",\"limit\":\"10\"}', '1', '2016-07-12 17:59:54', '2016-07-12 17:59:58', '72785278-6a77-4541-a6e0-2857aff18fec'),
 ('6', '1', 'QuickPost', '6', '3', '{\"section\":\"3\",\"entryType\":\"4\",\"fields\":[\"1\",\"3\",\"2\"]}', '1', '2016-07-12 20:20:33', '2016-07-12 20:20:42', '6ac6b89d-4973-4040-b860-03163e48d482');


--
-- Constraints for tables
--


--
-- Constraints for table `craft_assetfiles`
--
ALTER TABLE `craft_assetfiles`
	ADD CONSTRAINT `craft_assetfiles_folderId_fk` FOREIGN KEY (`folderId`) REFERENCES `craft_assetfolders` (`id`) ON DELETE CASCADE,
	ADD CONSTRAINT `craft_assetfiles_id_fk` FOREIGN KEY (`id`) REFERENCES `craft_elements` (`id`) ON DELETE CASCADE,
	ADD CONSTRAINT `craft_assetfiles_sourceId_fk` FOREIGN KEY (`sourceId`) REFERENCES `craft_assetsources` (`id`) ON DELETE CASCADE;

--
-- Constraints for table `craft_assetfolders`
--
ALTER TABLE `craft_assetfolders`
	ADD CONSTRAINT `craft_assetfolders_sourceId_fk` FOREIGN KEY (`sourceId`) REFERENCES `craft_assetsources` (`id`) ON DELETE CASCADE,
	ADD CONSTRAINT `craft_assetfolders_parentId_fk` FOREIGN KEY (`parentId`) REFERENCES `craft_assetfolders` (`id`) ON DELETE CASCADE;

--
-- Constraints for table `craft_assetindexdata`
--
ALTER TABLE `craft_assetindexdata`
	ADD CONSTRAINT `craft_assetindexdata_sourceId_fk` FOREIGN KEY (`sourceId`) REFERENCES `craft_assetsources` (`id`) ON DELETE CASCADE;

--
-- Constraints for table `craft_assetsources`
--
ALTER TABLE `craft_assetsources`
	ADD CONSTRAINT `craft_assetsources_fieldLayoutId_fk` FOREIGN KEY (`fieldLayoutId`) REFERENCES `craft_fieldlayouts` (`id`) ON DELETE SET NULL;

--
-- Constraints for table `craft_categories`
--
ALTER TABLE `craft_categories`
	ADD CONSTRAINT `craft_categories_groupId_fk` FOREIGN KEY (`groupId`) REFERENCES `craft_categorygroups` (`id`) ON DELETE CASCADE,
	ADD CONSTRAINT `craft_categories_id_fk` FOREIGN KEY (`id`) REFERENCES `craft_elements` (`id`) ON DELETE CASCADE;

--
-- Constraints for table `craft_categorygroups`
--
ALTER TABLE `craft_categorygroups`
	ADD CONSTRAINT `craft_categorygroups_fieldLayoutId_fk` FOREIGN KEY (`fieldLayoutId`) REFERENCES `craft_fieldlayouts` (`id`) ON DELETE SET NULL,
	ADD CONSTRAINT `craft_categorygroups_structureId_fk` FOREIGN KEY (`structureId`) REFERENCES `craft_structures` (`id`) ON DELETE CASCADE;

--
-- Constraints for table `craft_categorygroups_i18n`
--
ALTER TABLE `craft_categorygroups_i18n`
	ADD CONSTRAINT `craft_categorygroups_i18n_locale_fk` FOREIGN KEY (`locale`) REFERENCES `craft_locales` (`locale`) ON DELETE CASCADE ON UPDATE CASCADE,
	ADD CONSTRAINT `craft_categorygroups_i18n_groupId_fk` FOREIGN KEY (`groupId`) REFERENCES `craft_categorygroups` (`id`) ON DELETE CASCADE;

--
-- Constraints for table `craft_content`
--
ALTER TABLE `craft_content`
	ADD CONSTRAINT `craft_content_elementId_fk` FOREIGN KEY (`elementId`) REFERENCES `craft_elements` (`id`) ON DELETE CASCADE,
	ADD CONSTRAINT `craft_content_locale_fk` FOREIGN KEY (`locale`) REFERENCES `craft_locales` (`locale`) ON DELETE CASCADE ON UPDATE CASCADE;

--
-- Constraints for table `craft_elements_i18n`
--
ALTER TABLE `craft_elements_i18n`
	ADD CONSTRAINT `craft_elements_i18n_locale_fk` FOREIGN KEY (`locale`) REFERENCES `craft_locales` (`locale`) ON DELETE CASCADE ON UPDATE CASCADE,
	ADD CONSTRAINT `craft_elements_i18n_elementId_fk` FOREIGN KEY (`elementId`) REFERENCES `craft_elements` (`id`) ON DELETE CASCADE;

--
-- Constraints for table `craft_emailmessages`
--
ALTER TABLE `craft_emailmessages`
	ADD CONSTRAINT `craft_emailmessages_locale_fk` FOREIGN KEY (`locale`) REFERENCES `craft_locales` (`locale`) ON DELETE CASCADE ON UPDATE CASCADE;

--
-- Constraints for table `craft_entries`
--
ALTER TABLE `craft_entries`
	ADD CONSTRAINT `craft_entries_authorId_fk` FOREIGN KEY (`authorId`) REFERENCES `craft_users` (`id`) ON DELETE CASCADE,
	ADD CONSTRAINT `craft_entries_id_fk` FOREIGN KEY (`id`) REFERENCES `craft_elements` (`id`) ON DELETE CASCADE,
	ADD CONSTRAINT `craft_entries_sectionId_fk` FOREIGN KEY (`sectionId`) REFERENCES `craft_sections` (`id`) ON DELETE CASCADE,
	ADD CONSTRAINT `craft_entries_typeId_fk` FOREIGN KEY (`typeId`) REFERENCES `craft_entrytypes` (`id`) ON DELETE CASCADE;

--
-- Constraints for table `craft_entrydrafts`
--
ALTER TABLE `craft_entrydrafts`
	ADD CONSTRAINT `craft_entrydrafts_locale_fk` FOREIGN KEY (`locale`) REFERENCES `craft_locales` (`locale`) ON DELETE CASCADE ON UPDATE CASCADE,
	ADD CONSTRAINT `craft_entrydrafts_creatorId_fk` FOREIGN KEY (`creatorId`) REFERENCES `craft_users` (`id`) ON DELETE CASCADE,
	ADD CONSTRAINT `craft_entrydrafts_entryId_fk` FOREIGN KEY (`entryId`) REFERENCES `craft_entries` (`id`) ON DELETE CASCADE,
	ADD CONSTRAINT `craft_entrydrafts_sectionId_fk` FOREIGN KEY (`sectionId`) REFERENCES `craft_sections` (`id`) ON DELETE CASCADE;

--
-- Constraints for table `craft_entrytypes`
--
ALTER TABLE `craft_entrytypes`
	ADD CONSTRAINT `craft_entrytypes_fieldLayoutId_fk` FOREIGN KEY (`fieldLayoutId`) REFERENCES `craft_fieldlayouts` (`id`) ON DELETE SET NULL,
	ADD CONSTRAINT `craft_entrytypes_sectionId_fk` FOREIGN KEY (`sectionId`) REFERENCES `craft_sections` (`id`) ON DELETE CASCADE;

--
-- Constraints for table `craft_entryversions`
--
ALTER TABLE `craft_entryversions`
	ADD CONSTRAINT `craft_entryversions_locale_fk` FOREIGN KEY (`locale`) REFERENCES `craft_locales` (`locale`) ON DELETE CASCADE ON UPDATE CASCADE,
	ADD CONSTRAINT `craft_entryversions_creatorId_fk` FOREIGN KEY (`creatorId`) REFERENCES `craft_users` (`id`) ON DELETE SET NULL,
	ADD CONSTRAINT `craft_entryversions_entryId_fk` FOREIGN KEY (`entryId`) REFERENCES `craft_entries` (`id`) ON DELETE CASCADE,
	ADD CONSTRAINT `craft_entryversions_sectionId_fk` FOREIGN KEY (`sectionId`) REFERENCES `craft_sections` (`id`) ON DELETE CASCADE;

--
-- Constraints for table `craft_fieldlayoutfields`
--
ALTER TABLE `craft_fieldlayoutfields`
	ADD CONSTRAINT `craft_fieldlayoutfields_fieldId_fk` FOREIGN KEY (`fieldId`) REFERENCES `craft_fields` (`id`) ON DELETE CASCADE,
	ADD CONSTRAINT `craft_fieldlayoutfields_layoutId_fk` FOREIGN KEY (`layoutId`) REFERENCES `craft_fieldlayouts` (`id`) ON DELETE CASCADE,
	ADD CONSTRAINT `craft_fieldlayoutfields_tabId_fk` FOREIGN KEY (`tabId`) REFERENCES `craft_fieldlayouttabs` (`id`) ON DELETE CASCADE;

--
-- Constraints for table `craft_fieldlayouttabs`
--
ALTER TABLE `craft_fieldlayouttabs`
	ADD CONSTRAINT `craft_fieldlayouttabs_layoutId_fk` FOREIGN KEY (`layoutId`) REFERENCES `craft_fieldlayouts` (`id`) ON DELETE CASCADE;

--
-- Constraints for table `craft_fields`
--
ALTER TABLE `craft_fields`
	ADD CONSTRAINT `craft_fields_groupId_fk` FOREIGN KEY (`groupId`) REFERENCES `craft_fieldgroups` (`id`) ON DELETE CASCADE;

--
-- Constraints for table `craft_globalsets`
--
ALTER TABLE `craft_globalsets`
	ADD CONSTRAINT `craft_globalsets_fieldLayoutId_fk` FOREIGN KEY (`fieldLayoutId`) REFERENCES `craft_fieldlayouts` (`id`) ON DELETE SET NULL,
	ADD CONSTRAINT `craft_globalsets_id_fk` FOREIGN KEY (`id`) REFERENCES `craft_elements` (`id`) ON DELETE CASCADE;

--
-- Constraints for table `craft_matrixblocks`
--
ALTER TABLE `craft_matrixblocks`
	ADD CONSTRAINT `craft_matrixblocks_typeId_fk` FOREIGN KEY (`typeId`) REFERENCES `craft_matrixblocktypes` (`id`) ON DELETE CASCADE,
	ADD CONSTRAINT `craft_matrixblocks_fieldId_fk` FOREIGN KEY (`fieldId`) REFERENCES `craft_fields` (`id`) ON DELETE CASCADE,
	ADD CONSTRAINT `craft_matrixblocks_id_fk` FOREIGN KEY (`id`) REFERENCES `craft_elements` (`id`) ON DELETE CASCADE,
	ADD CONSTRAINT `craft_matrixblocks_ownerId_fk` FOREIGN KEY (`ownerId`) REFERENCES `craft_elements` (`id`) ON DELETE CASCADE,
	ADD CONSTRAINT `craft_matrixblocks_ownerLocale_fk` FOREIGN KEY (`ownerLocale`) REFERENCES `craft_locales` (`locale`) ON DELETE CASCADE ON UPDATE CASCADE;

--
-- Constraints for table `craft_matrixblocktypes`
--
ALTER TABLE `craft_matrixblocktypes`
	ADD CONSTRAINT `craft_matrixblocktypes_fieldLayoutId_fk` FOREIGN KEY (`fieldLayoutId`) REFERENCES `craft_fieldlayouts` (`id`) ON DELETE SET NULL,
	ADD CONSTRAINT `craft_matrixblocktypes_fieldId_fk` FOREIGN KEY (`fieldId`) REFERENCES `craft_fields` (`id`) ON DELETE CASCADE;

--
-- Constraints for table `craft_migrations`
--
ALTER TABLE `craft_migrations`
	ADD CONSTRAINT `craft_migrations_pluginId_fk` FOREIGN KEY (`pluginId`) REFERENCES `craft_plugins` (`id`) ON DELETE CASCADE;

--
-- Constraints for table `craft_relations`
--
ALTER TABLE `craft_relations`
	ADD CONSTRAINT `craft_relations_targetId_fk` FOREIGN KEY (`targetId`) REFERENCES `craft_elements` (`id`) ON DELETE CASCADE,
	ADD CONSTRAINT `craft_relations_fieldId_fk` FOREIGN KEY (`fieldId`) REFERENCES `craft_fields` (`id`) ON DELETE CASCADE,
	ADD CONSTRAINT `craft_relations_sourceId_fk` FOREIGN KEY (`sourceId`) REFERENCES `craft_elements` (`id`) ON DELETE CASCADE,
	ADD CONSTRAINT `craft_relations_sourceLocale_fk` FOREIGN KEY (`sourceLocale`) REFERENCES `craft_locales` (`locale`) ON DELETE CASCADE ON UPDATE CASCADE;

--
-- Constraints for table `craft_routes`
--
ALTER TABLE `craft_routes`
	ADD CONSTRAINT `craft_routes_locale_fk` FOREIGN KEY (`locale`) REFERENCES `craft_locales` (`locale`) ON DELETE CASCADE ON UPDATE CASCADE;

--
-- Constraints for table `craft_sections`
--
ALTER TABLE `craft_sections`
	ADD CONSTRAINT `craft_sections_structureId_fk` FOREIGN KEY (`structureId`) REFERENCES `craft_structures` (`id`) ON DELETE SET NULL;

--
-- Constraints for table `craft_sections_i18n`
--
ALTER TABLE `craft_sections_i18n`
	ADD CONSTRAINT `craft_sections_i18n_locale_fk` FOREIGN KEY (`locale`) REFERENCES `craft_locales` (`locale`) ON DELETE CASCADE ON UPDATE CASCADE,
	ADD CONSTRAINT `craft_sections_i18n_sectionId_fk` FOREIGN KEY (`sectionId`) REFERENCES `craft_sections` (`id`) ON DELETE CASCADE;

--
-- Constraints for table `craft_sessions`
--
ALTER TABLE `craft_sessions`
	ADD CONSTRAINT `craft_sessions_userId_fk` FOREIGN KEY (`userId`) REFERENCES `craft_users` (`id`) ON DELETE CASCADE;

--
-- Constraints for table `craft_shunnedmessages`
--
ALTER TABLE `craft_shunnedmessages`
	ADD CONSTRAINT `craft_shunnedmessages_userId_fk` FOREIGN KEY (`userId`) REFERENCES `craft_users` (`id`) ON DELETE CASCADE;

--
-- Constraints for table `craft_structureelements`
--
ALTER TABLE `craft_structureelements`
	ADD CONSTRAINT `craft_structureelements_elementId_fk` FOREIGN KEY (`elementId`) REFERENCES `craft_elements` (`id`) ON DELETE CASCADE,
	ADD CONSTRAINT `craft_structureelements_structureId_fk` FOREIGN KEY (`structureId`) REFERENCES `craft_structures` (`id`) ON DELETE CASCADE;

--
-- Constraints for table `craft_taggroups`
--
ALTER TABLE `craft_taggroups`
	ADD CONSTRAINT `craft_taggroups_fieldLayoutId_fk` FOREIGN KEY (`fieldLayoutId`) REFERENCES `craft_fieldlayouts` (`id`) ON DELETE SET NULL;

--
-- Constraints for table `craft_tags`
--
ALTER TABLE `craft_tags`
	ADD CONSTRAINT `craft_tags_groupId_fk` FOREIGN KEY (`groupId`) REFERENCES `craft_taggroups` (`id`) ON DELETE CASCADE,
	ADD CONSTRAINT `craft_tags_id_fk` FOREIGN KEY (`id`) REFERENCES `craft_elements` (`id`) ON DELETE CASCADE;

--
-- Constraints for table `craft_templatecachecriteria`
--
ALTER TABLE `craft_templatecachecriteria`
	ADD CONSTRAINT `craft_templatecachecriteria_cacheId_fk` FOREIGN KEY (`cacheId`) REFERENCES `craft_templatecaches` (`id`) ON DELETE CASCADE;

--
-- Constraints for table `craft_templatecacheelements`
--
ALTER TABLE `craft_templatecacheelements`
	ADD CONSTRAINT `craft_templatecacheelements_elementId_fk` FOREIGN KEY (`elementId`) REFERENCES `craft_elements` (`id`) ON DELETE CASCADE,
	ADD CONSTRAINT `craft_templatecacheelements_cacheId_fk` FOREIGN KEY (`cacheId`) REFERENCES `craft_templatecaches` (`id`) ON DELETE CASCADE;

--
-- Constraints for table `craft_templatecaches`
--
ALTER TABLE `craft_templatecaches`
	ADD CONSTRAINT `craft_templatecaches_locale_fk` FOREIGN KEY (`locale`) REFERENCES `craft_locales` (`locale`) ON DELETE CASCADE ON UPDATE CASCADE;

--
-- Constraints for table `craft_usergroups_users`
--
ALTER TABLE `craft_usergroups_users`
	ADD CONSTRAINT `craft_usergroups_users_userId_fk` FOREIGN KEY (`userId`) REFERENCES `craft_users` (`id`) ON DELETE CASCADE,
	ADD CONSTRAINT `craft_usergroups_users_groupId_fk` FOREIGN KEY (`groupId`) REFERENCES `craft_usergroups` (`id`) ON DELETE CASCADE;

--
-- Constraints for table `craft_userpermissions_usergroups`
--
ALTER TABLE `craft_userpermissions_usergroups`
	ADD CONSTRAINT `craft_userpermissions_usergroups_groupId_fk` FOREIGN KEY (`groupId`) REFERENCES `craft_usergroups` (`id`) ON DELETE CASCADE,
	ADD CONSTRAINT `craft_userpermissions_usergroups_permissionId_fk` FOREIGN KEY (`permissionId`) REFERENCES `craft_userpermissions` (`id`) ON DELETE CASCADE;

--
-- Constraints for table `craft_userpermissions_users`
--
ALTER TABLE `craft_userpermissions_users`
	ADD CONSTRAINT `craft_userpermissions_users_userId_fk` FOREIGN KEY (`userId`) REFERENCES `craft_users` (`id`) ON DELETE CASCADE,
	ADD CONSTRAINT `craft_userpermissions_users_permissionId_fk` FOREIGN KEY (`permissionId`) REFERENCES `craft_userpermissions` (`id`) ON DELETE CASCADE;

--
-- Constraints for table `craft_users`
--
ALTER TABLE `craft_users`
	ADD CONSTRAINT `craft_users_preferredLocale_fk` FOREIGN KEY (`preferredLocale`) REFERENCES `craft_locales` (`locale`) ON DELETE SET NULL ON UPDATE CASCADE,
	ADD CONSTRAINT `craft_users_id_fk` FOREIGN KEY (`id`) REFERENCES `craft_elements` (`id`) ON DELETE CASCADE;

--
-- Constraints for table `craft_widgets`
--
ALTER TABLE `craft_widgets`
	ADD CONSTRAINT `craft_widgets_userId_fk` FOREIGN KEY (`userId`) REFERENCES `craft_users` (`id`) ON DELETE CASCADE;

SET FOREIGN_KEY_CHECKS = 1;
